"filename", "language", "pip requirements", "YAML", "Ini", "Markdown", "Python", "Shell Script", "PowerShell", "JSON", "XML", "HTML", "comment", "blank", "total"
"c:\Users\oggy_\Develop\Repos\Harite\.github\.copilot-instructions.md", "Markdown", 0, 0, 0, 46, 0, 0, 0, 0, 0, 0, 0, 30, 76
"c:\Users\oggy_\Develop\Repos\Harite\.github\PR_BODY.md", "Markdown", 0, 0, 0, 24, 0, 0, 0, 0, 0, 0, 0, 10, 34
"c:\Users\oggy_\Develop\Repos\Harite\.github\PULL_REQUEST_TEMPLATE.md", "Markdown", 0, 0, 0, 18, 0, 0, 0, 0, 0, 0, 0, 14, 32
"c:\Users\oggy_\Develop\Repos\Harite\.github\agents\speckit.analyze.agent.md", "Markdown", 0, 0, 0, 118, 0, 0, 0, 0, 0, 0, 0, 67, 185
"c:\Users\oggy_\Develop\Repos\Harite\.github\agents\speckit.checklist.agent.md", "Markdown", 0, 0, 0, 231, 0, 0, 0, 0, 0, 0, 0, 65, 296
"c:\Users\oggy_\Develop\Repos\Harite\.github\agents\speckit.clarify.agent.md", "Markdown", 0, 0, 0, 150, 0, 0, 0, 0, 0, 0, 0, 32, 182
"c:\Users\oggy_\Develop\Repos\Harite\.github\agents\speckit.constitution.agent.md", "Markdown", 0, 0, 0, 64, 0, 0, 0, 0, 0, 0, 0, 21, 85
"c:\Users\oggy_\Develop\Repos\Harite\.github\agents\speckit.implement.agent.md", "Markdown", 0, 0, 0, 111, 0, 0, 0, 0, 0, 0, 0, 25, 136
"c:\Users\oggy_\Develop\Repos\Harite\.github\agents\speckit.plan.agent.md", "Markdown", 0, 0, 0, 67, 0, 0, 0, 0, 0, 0, 0, 24, 91
"c:\Users\oggy_\Develop\Repos\Harite\.github\agents\speckit.specify.agent.md", "Markdown", 0, 0, 0, 196, 0, 0, 0, 0, 0, 0, 0, 63, 259
"c:\Users\oggy_\Develop\Repos\Harite\.github\agents\speckit.tasks.agent.md", "Markdown", 0, 0, 0, 109, 0, 0, 0, 0, 0, 0, 0, 29, 138
"c:\Users\oggy_\Develop\Repos\Harite\.github\agents\speckit.taskstoissues.agent.md", "Markdown", 0, 0, 0, 21, 0, 0, 0, 0, 0, 0, 0, 10, 31
"c:\Users\oggy_\Develop\Repos\Harite\.github\branch-protection.json", "JSON", 0, 0, 0, 0, 0, 0, 0, 12, 0, 0, 0, 1, 13
"c:\Users\oggy_\Develop\Repos\Harite\.github\prompts\speckit.analyze.prompt.md", "Markdown", 0, 0, 0, 3, 0, 0, 0, 0, 0, 0, 0, 1, 4
"c:\Users\oggy_\Develop\Repos\Harite\.github\prompts\speckit.checklist.prompt.md", "Markdown", 0, 0, 0, 3, 0, 0, 0, 0, 0, 0, 0, 1, 4
"c:\Users\oggy_\Develop\Repos\Harite\.github\prompts\speckit.clarify.prompt.md", "Markdown", 0, 0, 0, 3, 0, 0, 0, 0, 0, 0, 0, 1, 4
"c:\Users\oggy_\Develop\Repos\Harite\.github\prompts\speckit.constitution.prompt.md", "Markdown", 0, 0, 0, 3, 0, 0, 0, 0, 0, 0, 0, 1, 4
"c:\Users\oggy_\Develop\Repos\Harite\.github\prompts\speckit.implement.prompt.md", "Markdown", 0, 0, 0, 3, 0, 0, 0, 0, 0, 0, 0, 1, 4
"c:\Users\oggy_\Develop\Repos\Harite\.github\prompts\speckit.plan.prompt.md", "Markdown", 0, 0, 0, 3, 0, 0, 0, 0, 0, 0, 0, 1, 4
"c:\Users\oggy_\Develop\Repos\Harite\.github\prompts\speckit.specify.prompt.md", "Markdown", 0, 0, 0, 3, 0, 0, 0, 0, 0, 0, 0, 1, 4
"c:\Users\oggy_\Develop\Repos\Harite\.github\prompts\speckit.tasks.prompt.md", "Markdown", 0, 0, 0, 3, 0, 0, 0, 0, 0, 0, 0, 1, 4
"c:\Users\oggy_\Develop\Repos\Harite\.github\prompts\speckit.taskstoissues.prompt.md", "Markdown", 0, 0, 0, 3, 0, 0, 0, 0, 0, 0, 0, 1, 4
"c:\Users\oggy_\Develop\Repos\Harite\.github\scripts\monitor_ci.ps1", "PowerShell", 0, 0, 0, 0, 0, 0, 33, 0, 0, 0, 0, 1, 34
"c:\Users\oggy_\Develop\Repos\Harite\.github\workflows\branch-cleanup.yml", "YAML", 0, 83, 0, 0, 0, 0, 0, 0, 0, 0, 0, 16, 99
"c:\Users\oggy_\Develop\Repos\Harite\.github\workflows\ci.yml", "YAML", 0, 130, 0, 0, 0, 0, 0, 0, 0, 0, 0, 20, 150
"c:\Users\oggy_\Develop\Repos\Harite\.github\workflows\coverage.yml", "YAML", 0, 35, 0, 0, 0, 0, 0, 0, 0, 0, 0, 8, 43
"c:\Users\oggy_\Develop\Repos\Harite\.github\workflows\docs-diff-check.yml", "YAML", 0, 56, 0, 0, 0, 0, 0, 0, 0, 0, 0, 9, 65
"c:\Users\oggy_\Develop\Repos\Harite\.github\workflows\pr-checks.yml", "YAML", 0, 44, 0, 0, 0, 0, 0, 0, 0, 0, 4, 5, 53
"c:\Users\oggy_\Develop\Repos\Harite\CHANGELOG.md", "Markdown", 0, 0, 0, 63, 0, 0, 0, 0, 0, 0, 0, 40, 103
"c:\Users\oggy_\Develop\Repos\Harite\README.md", "Markdown", 0, 0, 0, 35, 0, 0, 0, 0, 0, 0, 0, 22, 57
"c:\Users\oggy_\Develop\Repos\Harite\README_en.md", "Markdown", 0, 0, 0, 32, 0, 0, 0, 0, 0, 0, 0, 20, 52
"c:\Users\oggy_\Develop\Repos\Harite\THIRD_PARTY_NOTICES.md", "Markdown", 0, 0, 0, 53, 0, 0, 0, 0, 0, 0, 0, 18, 71
"c:\Users\oggy_\Develop\Repos\Harite\docs\_initial-build-history\consolidation\docs-consolidation-actions.md", "Markdown", 0, 0, 0, 20, 0, 0, 0, 0, 0, 0, 0, 12, 32
"c:\Users\oggy_\Develop\Repos\Harite\docs\_initial-build-history\consolidation\docs-consolidation-enumerator-fix.md", "Markdown", 0, 0, 0, 491, 0, 0, 0, 0, 0, 0, 0, 144, 635
"c:\Users\oggy_\Develop\Repos\Harite\docs\_initial-build-history\consolidation\docs-consolidation-plan.md", "Markdown", 0, 0, 0, 30, 0, 0, 0, 0, 0, 0, 0, 14, 44
"c:\Users\oggy_\Develop\Repos\Harite\docs\_initial-build-history\consolidation\docs-consolidation-progress.md", "Markdown", 0, 0, 0, 16, 0, 0, 0, 0, 0, 0, 0, 9, 25
"c:\Users\oggy_\Develop\Repos\Harite\docs\_initial-build-history\consolidation\docs-consolidation-replacement-preview.md", "Markdown", 0, 0, 0, 24, 0, 0, 0, 0, 0, 0, 0, 13, 37
"c:\Users\oggy_\Develop\Repos\Harite\docs\_initial-build-history\consolidation\docs-consolidation-scan.md", "Markdown", 0, 0, 0, 15, 0, 0, 0, 0, 0, 0, 0, 8, 23
"c:\Users\oggy_\Develop\Repos\Harite\docs\_initial-build-history\consolidation\followup-replacements.md", "Markdown", 0, 0, 0, 1, 0, 0, 0, 0, 0, 0, 0, 1, 2
"c:\Users\oggy_\Develop\Repos\Harite\docs\_initial-build-history\docs\specs\cli\cli-compatibility.md", "Markdown", 0, 0, 0, 60, 0, 0, 0, 0, 0, 0, 0, 27, 87
"c:\Users\oggy_\Develop\Repos\Harite\docs\_initial-build-history\docs\specs\cli\cli-top5-priority-options.md", "Markdown", 0, 0, 0, 80, 0, 0, 0, 0, 0, 0, 0, 40, 120
"c:\Users\oggy_\Develop\Repos\Harite\docs\_initial-build-history\docs\specs\core\core-io-examples.md", "Markdown", 0, 0, 0, 37, 0, 0, 0, 0, 0, 0, 0, 14, 51
"c:\Users\oggy_\Develop\Repos\Harite\docs\_initial-build-history\docs\specs\core\core-io.md", "Markdown", 0, 0, 0, 85, 0, 0, 0, 0, 0, 0, 0, 33, 118
"c:\Users\oggy_\Develop\Repos\Harite\docs\_initial-build-history\docs\specs\core\harite-foundation-spec.md", "Markdown", 0, 0, 0, 54, 0, 0, 0, 0, 0, 0, 0, 21, 75
"c:\Users\oggy_\Develop\Repos\Harite\docs\_initial-build-history\docs\specs\core\margin-info-embedding.md", "Markdown", 0, 0, 0, 87, 0, 0, 0, 0, 0, 0, 0, 35, 122
"c:\Users\oggy_\Develop\Repos\Harite\docs\_initial-build-history\docs\specs\core\monitor-split-design.md", "Markdown", 0, 0, 0, 81, 0, 0, 0, 0, 0, 0, 0, 31, 112
"c:\Users\oggy_\Develop\Repos\Harite\docs\_initial-build-history\docs\specs\core\optimize-input-and-two-screen.md", "Markdown", 0, 0, 0, 58, 0, 0, 0, 0, 0, 0, 0, 28, 86
"c:\Users\oggy_\Develop\Repos\Harite\docs\_initial-build-history\docs\specs\gui\gui-before-phase5-glade-layout-reconstruction.md", "Markdown", 0, 0, 0, 181, 0, 0, 0, 0, 0, 0, 0, 62, 243
"c:\Users\oggy_\Develop\Repos\Harite\docs\_initial-build-history\docs\specs\gui\gui-before-phase5-signal-mapping.md", "Markdown", 0, 0, 0, 110, 0, 0, 0, 0, 0, 0, 0, 42, 152
"c:\Users\oggy_\Develop\Repos\Harite\docs\_initial-build-history\docs\specs\gui\gui-before-phase5-standalone-design.md", "Markdown", 0, 0, 0, 152, 0, 0, 0, 0, 0, 0, 0, 69, 221
"c:\Users\oggy_\Develop\Repos\Harite\docs\_initial-build-history\docs\specs\gui\gui-phase1-tasklist.md", "Markdown", 0, 0, 0, 29, 0, 0, 0, 0, 0, 0, 0, 21, 50
"c:\Users\oggy_\Develop\Repos\Harite\docs\_initial-build-history\docs\specs\gui\gui-phase10-1st-planning.md", "Markdown", 0, 0, 0, 123, 0, 0, 0, 0, 0, 0, 0, 46, 169
"c:\Users\oggy_\Develop\Repos\Harite\docs\_initial-build-history\docs\specs\gui\gui-phase10-2nd-planning.md", "Markdown", 0, 0, 0, 376, 0, 0, 0, 0, 0, 0, 0, 117, 493
"c:\Users\oggy_\Develop\Repos\Harite\docs\_initial-build-history\docs\specs\gui\gui-phase10-3rd-planning.md", "Markdown", 0, 0, 0, 115, 0, 0, 0, 0, 0, 0, 0, 44, 159
"c:\Users\oggy_\Develop\Repos\Harite\docs\_initial-build-history\docs\specs\gui\gui-phase10-4th-planning.md", "Markdown", 0, 0, 0, 219, 0, 0, 0, 0, 0, 0, 0, 95, 314
"c:\Users\oggy_\Develop\Repos\Harite\docs\_initial-build-history\docs\specs\gui\gui-phase10-closing-check.md", "Markdown", 0, 0, 0, 58, 0, 0, 0, 0, 0, 0, 0, 35, 93
"c:\Users\oggy_\Develop\Repos\Harite\docs\_initial-build-history\docs\specs\gui\gui-phase10-icon-html-mock-memo.md", "Markdown", 0, 0, 0, 109, 0, 0, 0, 0, 0, 0, 0, 30, 139
"c:\Users\oggy_\Develop\Repos\Harite\docs\_initial-build-history\docs\specs\gui\gui-phase10-icon-mock.html", "HTML", 0, 0, 0, 0, 0, 0, 0, 0, 0, 668, 0, 90, 758
"c:\Users\oggy_\Develop\Repos\Harite\docs\_initial-build-history\docs\specs\gui\gui-phase10-iconset-comparison.md", "Markdown", 0, 0, 0, 148, 0, 0, 0, 0, 0, 0, 0, 34, 182
"c:\Users\oggy_\Develop\Repos\Harite\docs\_initial-build-history\docs\specs\gui\gui-phase10-layout-restructure-contract.md", "Markdown", 0, 0, 0, 165, 0, 0, 0, 0, 0, 0, 0, 61, 226
"c:\Users\oggy_\Develop\Repos\Harite\docs\_initial-build-history\docs\specs\gui\gui-phase10-visual-aid-xfce-validation-memo.md", "Markdown", 0, 0, 0, 119, 0, 0, 0, 0, 0, 0, 0, 50, 169
"c:\Users\oggy_\Develop\Repos\Harite\docs\_initial-build-history\docs\specs\gui\gui-phase11-1st-planning.md", "Markdown", 0, 0, 0, 131, 0, 0, 0, 0, 0, 0, 0, 43, 174
"c:\Users\oggy_\Develop\Repos\Harite\docs\_initial-build-history\docs\specs\gui\gui-phase11-2nd-planning.md", "Markdown", 0, 0, 0, 90, 0, 0, 0, 0, 0, 0, 0, 38, 128
"c:\Users\oggy_\Develop\Repos\Harite\docs\_initial-build-history\docs\specs\gui\gui-phase11-3rd-planning.md", "Markdown", 0, 0, 0, 66, 0, 0, 0, 0, 0, 0, 0, 32, 98
"c:\Users\oggy_\Develop\Repos\Harite\docs\_initial-build-history\docs\specs\gui\gui-phase11-closing.md", "Markdown", 0, 0, 0, 48, 0, 0, 0, 0, 0, 0, 0, 29, 77
"c:\Users\oggy_\Develop\Repos\Harite\docs\_initial-build-history\docs\specs\gui\gui-phase2-tasklist.md", "Markdown", 0, 0, 0, 22, 0, 0, 0, 0, 0, 0, 0, 12, 34
"c:\Users\oggy_\Develop\Repos\Harite\docs\_initial-build-history\docs\specs\gui\gui-phase3-adapter-boundary.md", "Markdown", 0, 0, 0, 40, 0, 0, 0, 0, 0, 0, 0, 21, 61
"c:\Users\oggy_\Develop\Repos\Harite\docs\_initial-build-history\docs\specs\gui\gui-phase3-final-validation-record-20260412.md", "Markdown", 0, 0, 0, 73, 0, 0, 0, 0, 0, 0, 0, 26, 99
"c:\Users\oggy_\Develop\Repos\Harite\docs\_initial-build-history\docs\specs\gui\gui-phase3-integration-test-matrix.md", "Markdown", 0, 0, 0, 83, 0, 0, 0, 0, 0, 0, 0, 28, 111
"c:\Users\oggy_\Develop\Repos\Harite\docs\_initial-build-history\docs\specs\gui\gui-phase3-mainwindow-state-model.md", "Markdown", 0, 0, 0, 84, 0, 0, 0, 0, 0, 0, 0, 34, 118
"c:\Users\oggy_\Develop\Repos\Harite\docs\_initial-build-history\docs\specs\gui\gui-phase3-tasklist.md", "Markdown", 0, 0, 0, 141, 0, 0, 0, 0, 0, 0, 0, 47, 188
"c:\Users\oggy_\Develop\Repos\Harite\docs\_initial-build-history\docs\specs\gui\gui-phase4-diff-checklist.md", "Markdown", 0, 0, 0, 58, 0, 0, 0, 0, 0, 0, 0, 22, 80
"c:\Users\oggy_\Develop\Repos\Harite\docs\_initial-build-history\docs\specs\gui\gui-phase4-final-validation-record-20260413.md", "Markdown", 0, 0, 0, 70, 0, 0, 0, 0, 0, 0, 0, 26, 96
"c:\Users\oggy_\Develop\Repos\Harite\docs\_initial-build-history\docs\specs\gui\gui-phase4-tasklist.md", "Markdown", 0, 0, 0, 58, 0, 0, 0, 0, 0, 0, 0, 22, 80
"c:\Users\oggy_\Develop\Repos\Harite\docs\_initial-build-history\docs\specs\gui\gui-phase5-p5-2-layout-checklist.md", "Markdown", 0, 0, 0, 71, 0, 0, 0, 0, 0, 0, 0, 30, 101
"c:\Users\oggy_\Develop\Repos\Harite\docs\_initial-build-history\docs\specs\gui\gui-phase5-p5-3-flow-policy.md", "Markdown", 0, 0, 0, 63, 0, 0, 0, 0, 0, 0, 0, 20, 83
"c:\Users\oggy_\Develop\Repos\Harite\docs\_initial-build-history\docs\specs\gui\gui-phase5-p5-4-retrofit-modernize.md", "Markdown", 0, 0, 0, 36, 0, 0, 0, 0, 0, 0, 0, 18, 54
"c:\Users\oggy_\Develop\Repos\Harite\docs\_initial-build-history\docs\specs\gui\gui-phase5-p5-7-xfce-rejudge-template.md", "Markdown", 0, 0, 0, 80, 0, 0, 0, 0, 0, 0, 0, 22, 102
"c:\Users\oggy_\Develop\Repos\Harite\docs\_initial-build-history\docs\specs\gui\gui-phase5-p5-7-xfce-validation-template.md", "Markdown", 0, 0, 0, 74, 0, 0, 0, 0, 0, 0, 0, 25, 99
"c:\Users\oggy_\Develop\Repos\Harite\docs\_initial-build-history\docs\specs\gui\gui-phase5-tasklist.md", "Markdown", 0, 0, 0, 242, 0, 0, 0, 0, 0, 0, 0, 35, 277
"c:\Users\oggy_\Develop\Repos\Harite\docs\_initial-build-history\docs\specs\gui\gui-phase5-upstream-traceability-checklist.md", "Markdown", 0, 0, 0, 490, 0, 0, 0, 0, 0, 0, 0, 147, 637
"c:\Users\oggy_\Develop\Repos\Harite\docs\_initial-build-history\docs\specs\gui\gui-phase5-visual-checklist.md", "Markdown", 0, 0, 0, 46, 0, 0, 0, 0, 0, 0, 0, 18, 64
"c:\Users\oggy_\Develop\Repos\Harite\docs\_initial-build-history\docs\specs\gui\gui-phase6-baseline-recheck.md", "Markdown", 0, 0, 0, 60, 0, 0, 0, 0, 0, 0, 0, 21, 81
"c:\Users\oggy_\Develop\Repos\Harite\docs\_initial-build-history\docs\specs\gui\gui-phase6-cli-reference-check.md", "Markdown", 0, 0, 0, 100, 0, 0, 0, 0, 0, 0, 0, 47, 147
"c:\Users\oggy_\Develop\Repos\Harite\docs\_initial-build-history\docs\specs\gui\gui-phase6-final-validation-record-20260418.md", "Markdown", 0, 0, 0, 75, 0, 0, 0, 0, 0, 0, 0, 31, 106
"c:\Users\oggy_\Develop\Repos\Harite\docs\_initial-build-history\docs\specs\gui\gui-phase6-final-validation-record-template.md", "Markdown", 0, 0, 0, 89, 0, 0, 0, 0, 0, 0, 0, 30, 119
"c:\Users\oggy_\Develop\Repos\Harite\docs\_initial-build-history\docs\specs\gui\gui-phase6-glade-adapter-judgement.md", "Markdown", 0, 0, 0, 230, 0, 0, 0, 0, 0, 0, 0, 93, 323
"c:\Users\oggy_\Develop\Repos\Harite\docs\_initial-build-history\docs\specs\gui\gui-phase6-layout-redefinition.md", "Markdown", 0, 0, 0, 272, 0, 0, 0, 0, 0, 0, 0, 109, 381
"c:\Users\oggy_\Develop\Repos\Harite\docs\_initial-build-history\docs\specs\gui\gui-phase6-lower-controls-responsibility.md", "Markdown", 0, 0, 0, 85, 0, 0, 0, 0, 0, 0, 0, 31, 116
"c:\Users\oggy_\Develop\Repos\Harite\docs\_initial-build-history\docs\specs\gui\gui-phase6-owner-layout-consultation-20260418.md", "Markdown", 0, 0, 0, 78, 0, 0, 0, 0, 0, 0, 0, 29, 107
"c:\Users\oggy_\Develop\Repos\Harite\docs\_initial-build-history\docs\specs\gui\gui-phase6-planning.md", "Markdown", 0, 0, 0, 296, 0, 0, 0, 0, 0, 0, 0, 84, 380
"c:\Users\oggy_\Develop\Repos\Harite\docs\_initial-build-history\docs\specs\gui\gui-phase6-realignment-notes-20260418.md", "Markdown", 0, 0, 0, 130, 0, 0, 0, 0, 0, 0, 0, 23, 153
"c:\Users\oggy_\Develop\Repos\Harite\docs\_initial-build-history\docs\specs\gui\gui-phase6-ui-change-cutlist-20260418.md", "Markdown", 0, 0, 0, 107, 0, 0, 0, 0, 0, 0, 0, 43, 150
"c:\Users\oggy_\Develop\Repos\Harite\docs\_initial-build-history\docs\specs\gui\gui-phase6-ui-preconsultation-20260418.md", "Markdown", 0, 0, 0, 91, 0, 0, 0, 0, 0, 0, 0, 27, 118
"c:\Users\oggy_\Develop\Repos\Harite\docs\_initial-build-history\docs\specs\gui\gui-phase7-product-alignment-planning.md", "Markdown", 0, 0, 0, 108, 0, 0, 0, 0, 0, 0, 0, 37, 145
"c:\Users\oggy_\Develop\Repos\Harite\docs\_initial-build-history\docs\specs\gui\gui-phase7-workstream1-inventory.md", "Markdown", 0, 0, 0, 28, 0, 0, 0, 0, 0, 0, 0, 8, 36
"c:\Users\oggy_\Develop\Repos\Harite\docs\_initial-build-history\docs\specs\gui\gui-phase7-workstream2-operation-semantics.md", "Markdown", 0, 0, 0, 115, 0, 0, 0, 0, 0, 0, 0, 50, 165
"c:\Users\oggy_\Develop\Repos\Harite\docs\_initial-build-history\docs\specs\gui\gui-phase7-workstream3-watch-responsibility.md", "Markdown", 0, 0, 0, 52, 0, 0, 0, 0, 0, 0, 0, 18, 70
"c:\Users\oggy_\Develop\Repos\Harite\docs\_initial-build-history\docs\specs\gui\gui-phase7-workstream4-gui-candidate-recheck.md", "Markdown", 0, 0, 0, 295, 0, 0, 0, 0, 0, 0, 0, 65, 360
"c:\Users\oggy_\Develop\Repos\Harite\docs\_initial-build-history\docs\specs\gui\gui-phase8-backlog.md", "Markdown", 0, 0, 0, 138, 0, 0, 0, 0, 0, 0, 0, 27, 165
"c:\Users\oggy_\Develop\Repos\Harite\docs\_initial-build-history\docs\specs\gui\gui-phase8-closing.md", "Markdown", 0, 0, 0, 19, 0, 0, 0, 0, 0, 0, 0, 10, 29
"c:\Users\oggy_\Develop\Repos\Harite\docs\_initial-build-history\docs\specs\gui\gui-phase8-margin-tab-grid-re-layout-contract.md", "Markdown", 0, 0, 0, 93, 0, 0, 0, 0, 0, 0, 0, 17, 110
"c:\Users\oggy_\Develop\Repos\Harite\docs\_initial-build-history\docs\specs\gui\gui-phase8-margin-text-placement-note.md", "Markdown", 0, 0, 0, 35, 0, 0, 0, 0, 0, 0, 0, 14, 49
"c:\Users\oggy_\Develop\Repos\Harite\docs\_initial-build-history\docs\specs\gui\gui-phase8-planning.md", "Markdown", 0, 0, 0, 59, 0, 0, 0, 0, 0, 0, 0, 22, 81
"c:\Users\oggy_\Develop\Repos\Harite\docs\_initial-build-history\docs\specs\gui\gui-phase8-precedence-audit-memo.md", "Markdown", 0, 0, 0, 190, 0, 0, 0, 0, 0, 0, 0, 63, 253
"c:\Users\oggy_\Develop\Repos\Harite\docs\_initial-build-history\docs\specs\gui\gui-phase8-repair-plan.md", "Markdown", 0, 0, 0, 122, 0, 0, 0, 0, 0, 0, 0, 27, 149
"c:\Users\oggy_\Develop\Repos\Harite\docs\_initial-build-history\docs\specs\gui\gui-phase8-resume-planning-after-2weeks-break.md", "Markdown", 0, 0, 0, 84, 0, 0, 0, 0, 0, 0, 0, 41, 125
"c:\Users\oggy_\Develop\Repos\Harite\docs\_initial-build-history\docs\specs\gui\gui-phase8-traceability-audit-inventory.md", "Markdown", 0, 0, 0, 43, 0, 0, 0, 0, 0, 0, 0, 16, 59
"c:\Users\oggy_\Develop\Repos\Harite\docs\_initial-build-history\docs\specs\gui\gui-phase8-traceability-followup-memo.md", "Markdown", 0, 0, 0, 80, 0, 0, 0, 0, 0, 0, 0, 35, 115
"c:\Users\oggy_\Develop\Repos\Harite\docs\_initial-build-history\docs\specs\gui\gui-phase9-11-roadmap.md", "Markdown", 0, 0, 0, 125, 0, 0, 0, 0, 0, 0, 0, 53, 178
"c:\Users\oggy_\Develop\Repos\Harite\docs\_initial-build-history\docs\specs\gui\gui-phase9-planning.md", "Markdown", 0, 0, 0, 304, 0, 0, 0, 0, 0, 0, 0, 92, 396
"c:\Users\oggy_\Develop\Repos\Harite\docs\_initial-build-history\docs\specs\gui\xfce-heuristics.md", "Markdown", 0, 0, 0, 39, 0, 0, 0, 0, 0, 0, 0, 19, 58
"c:\Users\oggy_\Develop\Repos\Harite\docs\_initial-build-history\docs\specs\watch\harite-watch-minimum-spec.md", "Markdown", 0, 0, 0, 102, 0, 0, 0, 0, 0, 0, 0, 38, 140
"c:\Users\oggy_\Develop\Repos\Harite\docs\_initial-build-history\docs\specs\watch\harite-watch-spec.md", "Markdown", 0, 0, 0, 134, 0, 0, 0, 0, 0, 0, 0, 54, 188
"c:\Users\oggy_\Develop\Repos\Harite\docs\_initial-build-history\docs\specs\watch\harite-watch-xfce-stability-incident-20260518.md", "Markdown", 0, 0, 0, 59, 0, 0, 0, 0, 0, 0, 0, 23, 82
"c:\Users\oggy_\Develop\Repos\Harite\docs\_initial-build-history\legacy-ui\Glade.py", "Python", 0, 0, 0, 0, 27, 0, 0, 0, 0, 0, 1, 7, 35
"c:\Users\oggy_\Develop\Repos\Harite\docs\_initial-build-history\legacy-ui\README.md", "Markdown", 0, 0, 0, 18, 0, 0, 0, 0, 0, 0, 0, 10, 28
"c:\Users\oggy_\Develop\Repos\Harite\docs\_initial-build-history\meta\agent-rules.md", "Markdown", 0, 0, 0, 68, 0, 0, 0, 0, 0, 0, 0, 32, 100
"c:\Users\oggy_\Develop\Repos\Harite\docs\_initial-build-history\meta\do-it.md", "Markdown", 0, 0, 0, 27, 0, 0, 0, 0, 0, 0, 0, 13, 40
"c:\Users\oggy_\Develop\Repos\Harite\docs\_initial-build-history\meta\initial-task.md", "Markdown", 0, 0, 0, 16, 0, 0, 0, 0, 0, 0, 0, 8, 24
"c:\Users\oggy_\Develop\Repos\Harite\docs\_initial-build-history\meta\owner-questions.md", "Markdown", 0, 0, 0, 52, 0, 0, 0, 0, 0, 0, 0, 31, 83
"c:\Users\oggy_\Develop\Repos\Harite\docs\_initial-build-history\meta\working-tree-review.md", "Markdown", 0, 0, 0, 17, 0, 0, 0, 0, 0, 0, 0, 9, 26
"c:\Users\oggy_\Develop\Repos\Harite\docs\_initial-build-history\meta\xfce-heuristics-notes.md", "Markdown", 0, 0, 0, 39, 0, 0, 0, 0, 0, 0, 0, 24, 63
"c:\Users\oggy_\Develop\Repos\Harite\docs\_initial-build-history\misc\xfce-followup-log.md", "Markdown", 0, 0, 0, 80, 0, 0, 0, 0, 0, 0, 0, 25, 105
"c:\Users\oggy_\Develop\Repos\Harite\docs\_initial-build-history\misc\xfce-rollback-playbook.md", "Markdown", 0, 0, 0, 85, 0, 0, 0, 0, 0, 0, 0, 35, 120
"c:\Users\oggy_\Develop\Repos\Harite\docs\_initial-build-history\misc\xfce-testing.md", "Markdown", 0, 0, 0, 86, 0, 0, 0, 0, 0, 0, 0, 39, 125
"c:\Users\oggy_\Develop\Repos\Harite\docs\_initial-build-history\pr_bodies\PR_37_body.md", "Markdown", 0, 0, 0, 20, 0, 0, 0, 0, 0, 0, 0, 14, 34
"c:\Users\oggy_\Develop\Repos\Harite\docs\branch-policy\branch-operations-policy.md", "Markdown", 0, 0, 0, 77, 0, 0, 0, 0, 0, 0, 0, 33, 110
"c:\Users\oggy_\Develop\Repos\Harite\docs\branch-policy\branch-policy-enumerator-applied.md", "Markdown", 0, 0, 0, 57, 0, 0, 0, 0, 0, 0, 0, 8, 65
"c:\Users\oggy_\Develop\Repos\Harite\docs\branch-policy\branch-policy-replacements.md", "Markdown", 0, 0, 0, 1, 0, 0, 0, 0, 0, 0, 0, 1, 2
"c:\Users\oggy_\Develop\Repos\Harite\docs\branch-policy\branch-policy.md", "Markdown", 0, 0, 0, 54, 0, 0, 0, 0, 0, 0, 0, 36, 90
"c:\Users\oggy_\Develop\Repos\Harite\docs\branch-policy\branching-charter.md", "Markdown", 0, 0, 0, 12, 0, 0, 0, 0, 0, 0, 0, 9, 21
"c:\Users\oggy_\Develop\Repos\Harite\docs\ci-strategy.md", "Markdown", 0, 0, 0, 38, 0, 0, 0, 0, 0, 0, 0, 18, 56
"c:\Users\oggy_\Develop\Repos\Harite\docs\ci-workflows.md", "Markdown", 0, 0, 0, 64, 0, 0, 0, 0, 0, 0, 0, 40, 104
"c:\Users\oggy_\Develop\Repos\Harite\docs\dev\dev-environment.md", "Markdown", 0, 0, 0, 93, 0, 0, 0, 0, 0, 0, 0, 45, 138
"c:\Users\oggy_\Develop\Repos\Harite\docs\dev\development-checklist.md", "Markdown", 0, 0, 0, 73, 0, 0, 0, 0, 0, 0, 0, 34, 107
"c:\Users\oggy_\Develop\Repos\Harite\docs\git-operation-help\draft-to-branch.md", "Markdown", 0, 0, 0, 45, 0, 0, 0, 0, 0, 0, 0, 21, 66
"c:\Users\oggy_\Develop\Repos\Harite\docs\git-operation-help\dual-local-sync-check.md", "Markdown", 0, 0, 0, 55, 0, 0, 0, 0, 0, 0, 0, 31, 86
"c:\Users\oggy_\Develop\Repos\Harite\docs\git-operation-help\fix-branch-name-pr.md", "Markdown", 0, 0, 0, 56, 0, 0, 0, 0, 0, 0, 0, 31, 87
"c:\Users\oggy_\Develop\Repos\Harite\docs\git-operation-help\fix-mistyped-push-ref.md", "Markdown", 0, 0, 0, 51, 0, 0, 0, 0, 0, 0, 0, 30, 81
"c:\Users\oggy_\Develop\Repos\Harite\docs\git-operation-help\operations-recovery-backlog.md", "Markdown", 0, 0, 0, 99, 0, 0, 0, 0, 0, 0, 0, 25, 124
"c:\Users\oggy_\Develop\Repos\Harite\docs\git-operation-help\recover-main-miscommit.md", "Markdown", 0, 0, 0, 94, 0, 0, 0, 0, 0, 0, 0, 55, 149
"c:\Users\oggy_\Develop\Repos\Harite\docs\git-operation-help\release-and-tag.md", "Markdown", 0, 0, 0, 59, 0, 0, 0, 0, 0, 0, 0, 22, 81
"c:\Users\oggy_\Develop\Repos\Harite\docs\git-operation-help\safe-squash-merge.md", "Markdown", 0, 0, 0, 114, 0, 0, 0, 0, 0, 0, 0, 53, 167
"c:\Users\oggy_\Develop\Repos\Harite\docs\git-operation-help\task-template-mini.md", "Markdown", 0, 0, 0, 44, 0, 0, 0, 0, 0, 0, 0, 27, 71
"c:\Users\oggy_\Develop\Repos\Harite\docs\manual-validation-gate.md", "Markdown", 0, 0, 0, 192, 0, 0, 0, 0, 0, 0, 0, 81, 273
"c:\Users\oggy_\Develop\Repos\Harite\docs\online-issues\README.md", "Markdown", 0, 0, 0, 110, 0, 0, 0, 0, 0, 0, 0, 33, 143
"c:\Users\oggy_\Develop\Repos\Harite\docs\online-issues\closed\README.md", "Markdown", 0, 0, 0, 5, 0, 0, 0, 0, 0, 0, 0, 3, 8
"c:\Users\oggy_\Develop\Repos\Harite\docs\online-issues\closed\issue-317.md", "Markdown", 0, 0, 0, 89, 0, 0, 0, 0, 0, 0, 0, 8, 97
"c:\Users\oggy_\Develop\Repos\Harite\docs\online-issues\closed\issue-318.md", "Markdown", 0, 0, 0, 9, 0, 0, 0, 0, 0, 0, 0, 3, 12
"c:\Users\oggy_\Develop\Repos\Harite\docs\online-issues\closed\issue-341.md", "Markdown", 0, 0, 0, 42, 0, 0, 0, 0, 0, 0, 0, 22, 64
"c:\Users\oggy_\Develop\Repos\Harite\docs\online-issues\closed\issue-342.md", "Markdown", 0, 0, 0, 29, 0, 0, 0, 0, 0, 0, 0, 15, 44
"c:\Users\oggy_\Develop\Repos\Harite\docs\online-issues\closed\issue-343.md", "Markdown", 0, 0, 0, 169, 0, 0, 0, 0, 0, 0, 0, 75, 244
"c:\Users\oggy_\Develop\Repos\Harite\docs\online-issues\closed\issue-353.md", "Markdown", 0, 0, 0, 39, 0, 0, 0, 0, 0, 0, 0, 18, 57
"c:\Users\oggy_\Develop\Repos\Harite\docs\online-issues\closed\issue-354.md", "Markdown", 0, 0, 0, 38, 0, 0, 0, 0, 0, 0, 0, 18, 56
"c:\Users\oggy_\Develop\Repos\Harite\docs\online-issues\closed\issue-358.md", "Markdown", 0, 0, 0, 38, 0, 0, 0, 0, 0, 0, 0, 18, 56
"c:\Users\oggy_\Develop\Repos\Harite\docs\online-issues\closed\issue-359.md", "Markdown", 0, 0, 0, 34, 0, 0, 0, 0, 0, 0, 0, 17, 51
"c:\Users\oggy_\Develop\Repos\Harite\docs\online-issues\closed\issue-380.md", "Markdown", 0, 0, 0, 28, 0, 0, 0, 0, 0, 0, 0, 15, 43
"c:\Users\oggy_\Develop\Repos\Harite\docs\online-issues\issue-xxx.md", "Markdown", 0, 0, 0, 28, 0, 0, 0, 0, 0, 0, 0, 17, 45
"c:\Users\oggy_\Develop\Repos\Harite\docs\online-issues\maturation-20260609-qt-common.md", "Markdown", 0, 0, 0, 732, 0, 0, 0, 0, 0, 0, 0, 359, 1091
"c:\Users\oggy_\Develop\Repos\Harite\docs\pr-flow.md", "Markdown", 0, 0, 0, 39, 0, 0, 0, 0, 0, 0, 0, 17, 56
"c:\Users\oggy_\Develop\Repos\Harite\docs\premium-request-savings.md", "Markdown", 0, 0, 0, 82, 0, 0, 0, 0, 0, 0, 0, 42, 124
"c:\Users\oggy_\Develop\Repos\Harite\docs\reformation\harite-project-initial-build-reformation-linux-xdg-launcher.md", "Markdown", 0, 0, 0, 59, 0, 0, 0, 0, 0, 0, 0, 30, 89
"c:\Users\oggy_\Develop\Repos\Harite\docs\reformation\harite-project-initial-build-reformation-ws1-code-residue-inventory.md", "Markdown", 0, 0, 0, 120, 0, 0, 0, 0, 0, 0, 0, 56, 176
"c:\Users\oggy_\Develop\Repos\Harite\docs\reformation\harite-project-initial-build-reformation-ws1-release-prep.md", "Markdown", 0, 0, 0, 124, 0, 0, 0, 0, 0, 0, 0, 51, 175
"c:\Users\oggy_\Develop\Repos\Harite\docs\reformation\harite-project-initial-build-reformation-ws10-feature-overview.md", "Markdown", 0, 0, 0, 111, 0, 0, 0, 0, 0, 0, 0, 50, 161
"c:\Users\oggy_\Develop\Repos\Harite\docs\reformation\harite-project-initial-build-reformation-ws2-packaging-release.md", "Markdown", 0, 0, 0, 177, 0, 0, 0, 0, 0, 0, 0, 56, 233
"c:\Users\oggy_\Develop\Repos\Harite\docs\reformation\harite-project-initial-build-reformation-ws3-docs-reformation.md", "Markdown", 0, 0, 0, 135, 0, 0, 0, 0, 0, 0, 0, 65, 200
"c:\Users\oggy_\Develop\Repos\Harite\docs\reformation\harite-project-initial-build-reformation-ws4-spec-authoring.md", "Markdown", 0, 0, 0, 65, 0, 0, 0, 0, 0, 0, 0, 29, 94
"c:\Users\oggy_\Develop\Repos\Harite\docs\reformation\harite-project-initial-build-reformation-ws4-spec-structure-draft.md", "Markdown", 0, 0, 0, 450, 0, 0, 0, 0, 0, 0, 0, 130, 580
"c:\Users\oggy_\Develop\Repos\Harite\docs\reformation\harite-project-initial-build-reformation-ws5-internal-issues-overview.md", "Markdown", 0, 0, 0, 164, 0, 0, 0, 0, 0, 0, 0, 66, 230
"c:\Users\oggy_\Develop\Repos\Harite\docs\reformation\harite-project-initial-build-reformation-ws5-terminology-drift-inventory.md", "Markdown", 0, 0, 0, 94, 0, 0, 0, 0, 0, 0, 0, 29, 123
"c:\Users\oggy_\Develop\Repos\Harite\docs\reformation\harite-project-initial-build-reformation-ws6-cli-internal-issues.md", "Markdown", 0, 0, 0, 205, 0, 0, 0, 0, 0, 0, 0, 72, 277
"c:\Users\oggy_\Develop\Repos\Harite\docs\reformation\harite-project-initial-build-reformation.md", "Markdown", 0, 0, 0, 162, 0, 0, 0, 0, 0, 0, 0, 82, 244
"c:\Users\oggy_\Develop\Repos\Harite\docs\release-delivery.md", "Markdown", 0, 0, 0, 100, 0, 0, 0, 0, 0, 0, 0, 38, 138
"c:\Users\oggy_\Develop\Repos\Harite\docs\release-notes-draft.md", "Markdown", 0, 0, 0, 49, 0, 0, 0, 0, 0, 0, 0, 24, 73
"c:\Users\oggy_\Develop\Repos\Harite\docs\release-readiness-checklist.md", "Markdown", 0, 0, 0, 75, 0, 0, 0, 0, 0, 0, 0, 27, 102
"c:\Users\oggy_\Develop\Repos\Harite\docs\specs\cli\harite-cli-spec.md", "Markdown", 0, 0, 0, 288, 0, 0, 0, 0, 0, 0, 0, 112, 400
"c:\Users\oggy_\Develop\Repos\Harite\docs\specs\core\harite-core-spec.md", "Markdown", 0, 0, 0, 292, 0, 0, 0, 0, 0, 0, 0, 96, 388
"c:\Users\oggy_\Develop\Repos\Harite\docs\specs\docstring-plan.md", "Markdown", 0, 0, 0, 26, 0, 0, 0, 0, 0, 0, 0, 11, 37
"c:\Users\oggy_\Develop\Repos\Harite\docs\specs\gui\audit\p08-3layer-audit.md", "Markdown", 0, 0, 0, 126, 0, 0, 0, 0, 0, 0, 0, 51, 177
"c:\Users\oggy_\Develop\Repos\Harite\docs\specs\gui\harite-gui-spec.md", "Markdown", 0, 0, 0, 578, 0, 0, 0, 0, 0, 0, 0, 167, 745
"c:\Users\oggy_\Develop\Repos\Harite\docs\specs\harite-foundation-spec.md", "Markdown", 0, 0, 0, 212, 0, 0, 0, 0, 0, 0, 0, 62, 274
"c:\Users\oggy_\Develop\Repos\Harite\docs\specs\plugins\harite-plugin-spec.md", "Markdown", 0, 0, 0, 125, 0, 0, 0, 0, 0, 0, 0, 42, 167
"c:\Users\oggy_\Develop\Repos\Harite\docs\specs\slideshow\harite-slideshow-spec.md", "Markdown", 0, 0, 0, 341, 0, 0, 0, 0, 0, 0, 0, 144, 485
"c:\Users\oggy_\Develop\Repos\Harite\docs\specs\source\harite-source-spec.md", "Markdown", 0, 0, 0, 579, 0, 0, 0, 0, 0, 0, 0, 261, 840
"c:\Users\oggy_\Develop\Repos\Harite\docs\specs\upstream-core-mapping.md", "Markdown", 0, 0, 0, 45, 0, 0, 0, 0, 0, 0, 0, 20, 65
"c:\Users\oggy_\Develop\Repos\Harite\docs\specs\upstream-full-analysis.md", "Markdown", 0, 0, 0, 63, 0, 0, 0, 0, 0, 0, 0, 30, 93
"c:\Users\oggy_\Develop\Repos\Harite\docs\templates\gui-manual-validation-report.md", "Markdown", 0, 0, 0, 26, 0, 0, 0, 0, 0, 0, 0, 11, 37
"c:\Users\oggy_\Develop\Repos\Harite\docs\tests\overview.md", "Markdown", 0, 0, 0, 40, 0, 0, 0, 0, 0, 0, 0, 17, 57
"c:\Users\oggy_\Develop\Repos\Harite\docs\tests\policy_derivation.md", "Markdown", 0, 0, 0, 27, 0, 0, 0, 0, 0, 0, 0, 14, 41
"c:\Users\oggy_\Develop\Repos\Harite\docs\tests\proposals.md", "Markdown", 0, 0, 0, 23, 0, 0, 0, 0, 0, 0, 0, 12, 35
"c:\Users\oggy_\Develop\Repos\Harite\docs\tests\test-replacements.md", "Markdown", 0, 0, 0, 1, 0, 0, 0, 0, 0, 0, 0, 1, 2
"c:\Users\oggy_\Develop\Repos\Harite\docs\tests\test-replacements2.md", "Markdown", 0, 0, 0, 1, 0, 0, 0, 0, 0, 0, 0, 1, 2
"c:\Users\oggy_\Develop\Repos\Harite\docs\tests\test-replacements3.md", "Markdown", 0, 0, 0, 1, 0, 0, 0, 0, 0, 0, 0, 1, 2
"c:\Users\oggy_\Develop\Repos\Harite\docs\tests\test_core_features.md", "Markdown", 0, 0, 0, 28, 0, 0, 0, 0, 0, 0, 0, 15, 43
"c:\Users\oggy_\Develop\Repos\Harite\docs\tests\tests-overview.md", "Markdown", 0, 0, 0, 51, 0, 0, 0, 0, 0, 0, 0, 24, 75
"c:\Users\oggy_\Develop\Repos\Harite\docs\working\20260608-1200-feature-pending.md", "Markdown", 0, 0, 0, 46, 0, 0, 0, 0, 0, 0, 0, 22, 68
"c:\Users\oggy_\Develop\Repos\Harite\docs\working\20260609-1200-feature-overview.md", "Markdown", 0, 0, 0, 62, 0, 0, 0, 0, 0, 0, 0, 28, 90
"c:\Users\oggy_\Develop\Repos\Harite\docs\working\20260611-1200-cli-v2-roadmap.md", "Markdown", 0, 0, 0, 220, 0, 0, 0, 0, 0, 0, 0, 80, 300
"c:\Users\oggy_\Develop\Repos\Harite\docs\working\20260611-pre-bump-cli-gatereview.md", "Markdown", 0, 0, 0, 174, 0, 0, 0, 0, 0, 0, 0, 61, 235
"c:\Users\oggy_\Develop\Repos\Harite\docs\working\20260611-two-screen-display-params-clarification.md", "Markdown", 0, 0, 0, 171, 0, 0, 0, 0, 0, 0, 0, 80, 251
"c:\Users\oggy_\Develop\Repos\Harite\docs\working\20260612-pre-release-housekeeping.md", "Markdown", 0, 0, 0, 85, 0, 0, 0, 0, 0, 0, 0, 45, 130
"c:\Users\oggy_\Develop\Repos\Harite\docs\working\README.md", "Markdown", 0, 0, 0, 23, 0, 0, 0, 0, 0, 0, 0, 12, 35
"c:\Users\oggy_\Develop\Repos\Harite\docs\working\design\20260601-c02-slideshow-source-registry-slice-memo.md", "Markdown", 0, 0, 0, 71, 0, 0, 0, 0, 0, 0, 0, 34, 105
"c:\Users\oggy_\Develop\Repos\Harite\docs\working\design\20260601-c02-slideshow-source-registry-slice.html", "HTML", 0, 0, 0, 0, 0, 0, 0, 0, 0, 486, 5, 63, 554
"c:\Users\oggy_\Develop\Repos\Harite\docs\working\design\20260601-p01-p02-lr-swap-clear-slice-memo.md", "Markdown", 0, 0, 0, 57, 0, 0, 0, 0, 0, 0, 0, 26, 83
"c:\Users\oggy_\Develop\Repos\Harite\docs\working\design\20260601-p01-p02-lr-swap-clear-slice.html", "HTML", 0, 0, 0, 0, 0, 0, 0, 0, 0, 351, 2, 42, 395
"c:\Users\oggy_\Develop\Repos\Harite\docs\working\design\20260604-c04-slideshow-margins-surface-slice-memo.md", "Markdown", 0, 0, 0, 65, 0, 0, 0, 0, 0, 0, 0, 38, 103
"c:\Users\oggy_\Develop\Repos\Harite\docs\working\design\20260604-c04-slideshow-margins-surface-slice.html", "HTML", 0, 0, 0, 0, 0, 0, 0, 0, 0, 375, 4, 25, 404
"c:\Users\oggy_\Develop\Repos\Harite\docs\working\design\20260604-glade2-legacy-interpretation-memo.md", "Markdown", 0, 0, 0, 114, 0, 0, 0, 0, 0, 0, 0, 48, 162
"c:\Users\oggy_\Develop\Repos\Harite\docs\working\design\20260605-c01-e-kw-manage-keyword-slice-memo.md", "Markdown", 0, 0, 0, 41, 0, 0, 0, 0, 0, 0, 0, 19, 60
"c:\Users\oggy_\Develop\Repos\Harite\docs\working\design\20260605-c01-e-kw-manage-keyword-slice.html", "HTML", 0, 0, 0, 0, 0, 0, 0, 0, 0, 131, 0, 1, 132
"c:\Users\oggy_\Develop\Repos\Harite\docs\working\design\20260608-p08-main-margins-drawer-slice-memo.md", "Markdown", 0, 0, 0, 44, 0, 0, 0, 0, 0, 0, 0, 14, 58
"c:\Users\oggy_\Develop\Repos\Harite\docs\working\design\20260609-mat-01b-native-placement-repair-draft.md", "Markdown", 0, 0, 0, 112, 0, 0, 0, 0, 0, 0, 0, 49, 161
"c:\Users\oggy_\Develop\Repos\Harite\docs\working\design\README.md", "Markdown", 0, 0, 0, 27, 0, 0, 0, 0, 0, 0, 0, 7, 34
"c:\Users\oggy_\Develop\Repos\Harite\docs\working\design\gui-phase10-icon-mock-memo.md", "Markdown", 0, 0, 0, 113, 0, 0, 0, 0, 0, 0, 0, 32, 145
"c:\Users\oggy_\Develop\Repos\Harite\docs\working\design\gui-phase10-icon-mock.html", "HTML", 0, 0, 0, 0, 0, 0, 0, 0, 0, 668, 0, 90, 758
"c:\Users\oggy_\Develop\Repos\Harite\docs\working\finished\20260518-2047-feature-overview.md", "Markdown", 0, 0, 0, 57, 0, 0, 0, 0, 0, 0, 0, 21, 78
"c:\Users\oggy_\Develop\Repos\Harite\docs\working\finished\20260530-1509-specs-checking-from-cursor.md", "Markdown", 0, 0, 0, 221, 0, 0, 0, 0, 0, 0, 0, 67, 288
"c:\Users\oggy_\Develop\Repos\Harite\docs\working\finished\20260530-2201-pyqt6-migration-plan.md", "Markdown", 0, 0, 0, 281, 0, 0, 0, 0, 0, 0, 0, 107, 388
"c:\Users\oggy_\Develop\Repos\Harite\docs\working\finished\20260530-2333-qt-backend-setup.md", "Markdown", 0, 0, 0, 109, 0, 0, 0, 0, 0, 0, 0, 49, 158
"c:\Users\oggy_\Develop\Repos\Harite\docs\working\finished\20260531-0843-qt-phase8-3layer-audit.md", "Markdown", 0, 0, 0, 129, 0, 0, 0, 0, 0, 0, 0, 49, 178
"c:\Users\oggy_\Develop\Repos\Harite\docs\working\finished\20260531-1200-windows-qt-validation-backlog.md", "Markdown", 0, 0, 0, 77, 0, 0, 0, 0, 0, 0, 0, 30, 107
"c:\Users\oggy_\Develop\Repos\Harite\docs\working\finished\20260531-1530-windows-post-w03-status-and-w02-slideshow.md", "Markdown", 0, 0, 0, 127, 0, 0, 0, 0, 0, 0, 0, 59, 186
"c:\Users\oggy_\Develop\Repos\Harite\docs\working\finished\20260531-mat-10-kiriezu-source-planning.md", "Markdown", 0, 0, 0, 225, 0, 0, 0, 0, 0, 0, 0, 71, 296
"c:\Users\oggy_\Develop\Repos\Harite\docs\working\finished\20260531-w-03-b-lite-3layer-audit.md", "Markdown", 0, 0, 0, 42, 0, 0, 0, 0, 0, 0, 0, 15, 57
"c:\Users\oggy_\Develop\Repos\Harite\docs\working\finished\20260601-1400-c02-source-registry-planning.md", "Markdown", 0, 0, 0, 152, 0, 0, 0, 0, 0, 0, 0, 63, 215
"c:\Users\oggy_\Develop\Repos\Harite\docs\working\finished\20260601-c02-3layer-audit.md", "Markdown", 0, 0, 0, 50, 0, 0, 0, 0, 0, 0, 0, 17, 67
"c:\Users\oggy_\Develop\Repos\Harite\docs\working\finished\20260602-1400-c05-slideshow-source-enhancement-planning.md", "Markdown", 0, 0, 0, 164, 0, 0, 0, 0, 0, 0, 0, 73, 237
"c:\Users\oggy_\Develop\Repos\Harite\docs\working\finished\20260602-c02-real-device-observations.md", "Markdown", 0, 0, 0, 27, 0, 0, 0, 0, 0, 0, 0, 11, 38
"c:\Users\oggy_\Develop\Repos\Harite\docs\working\finished\20260602-c05-3layer-audit.md", "Markdown", 0, 0, 0, 56, 0, 0, 0, 0, 0, 0, 0, 17, 73
"c:\Users\oggy_\Develop\Repos\Harite\docs\working\finished\20260603-1400-c01-external-wallpaper-source-planning.md", "Markdown", 0, 0, 0, 151, 0, 0, 0, 0, 0, 0, 0, 52, 203
"c:\Users\oggy_\Develop\Repos\Harite\docs\working\finished\20260603-c01-3layer-audit.md", "Markdown", 0, 0, 0, 70, 0, 0, 0, 0, 0, 0, 0, 19, 89
"c:\Users\oggy_\Develop\Repos\Harite\docs\working\finished\20260603-c01-e-3layer-audit.md", "Markdown", 0, 0, 0, 25, 0, 0, 0, 0, 0, 0, 0, 13, 38
"c:\Users\oggy_\Develop\Repos\Harite\docs\working\finished\20260603-c01-e-codh-icp-inventory.md", "Markdown", 0, 0, 0, 196, 0, 0, 0, 0, 0, 0, 0, 73, 269
"c:\Users\oggy_\Develop\Repos\Harite\docs\working\finished\20260603-c01-e-merged-inventory.md", "Markdown", 0, 0, 0, 59, 0, 0, 0, 0, 0, 0, 0, 23, 82
"c:\Users\oggy_\Develop\Repos\Harite\docs\working\finished\20260603-c01-e-ndl-tsugidigi-inventory.md", "Markdown", 0, 0, 0, 223, 0, 0, 0, 0, 0, 0, 0, 87, 310
"c:\Users\oggy_\Develop\Repos\Harite\docs\working\finished\20260603-jma-weather-map-list-inventory.md", "Markdown", 0, 0, 0, 140, 0, 0, 0, 0, 0, 0, 0, 52, 192
"c:\Users\oggy_\Develop\Repos\Harite\docs\working\finished\20260604-c01-f-remote-sync-on-tick-planning-draft.md", "Markdown", 0, 0, 0, 170, 0, 0, 0, 0, 0, 0, 0, 98, 268
"c:\Users\oggy_\Develop\Repos\Harite\docs\working\finished\20260604-c04-gui-surface-planning-draft.md", "Markdown", 0, 0, 0, 192, 0, 0, 0, 0, 0, 0, 0, 90, 282
"c:\Users\oggy_\Develop\Repos\Harite\docs\working\finished\20260605-c01-e-kw-codh-keyword-planning.md", "Markdown", 0, 0, 0, 75, 0, 0, 0, 0, 0, 0, 0, 33, 108
"c:\Users\oggy_\Develop\Repos\Harite\docs\working\finished\20260606-p03-3layer-audit.md", "Markdown", 0, 0, 0, 88, 0, 0, 0, 0, 0, 0, 0, 27, 115
"c:\Users\oggy_\Develop\Repos\Harite\docs\working\finished\20260606-p03-single-display-ux-planning.md", "Markdown", 0, 0, 0, 318, 0, 0, 0, 0, 0, 0, 0, 131, 449
"c:\Users\oggy_\Develop\Repos\Harite\docs\working\finished\20260606-p05-manage-sources-panel-planning.md", "Markdown", 0, 0, 0, 56, 0, 0, 0, 0, 0, 0, 0, 37, 93
"c:\Users\oggy_\Develop\Repos\Harite\docs\working\finished\20260606-p06-slideshow-codh-keyword-chip-planning.md", "Markdown", 0, 0, 0, 66, 0, 0, 0, 0, 0, 0, 0, 28, 94
"c:\Users\oggy_\Develop\Repos\Harite\docs\working\finished\20260606-p07-slideshow-drawer-open-state-planning.md", "Markdown", 0, 0, 0, 68, 0, 0, 0, 0, 0, 0, 0, 28, 96
"c:\Users\oggy_\Develop\Repos\Harite\docs\working\finished\20260607-p04-main-action-cluster-planning-draft.md", "Markdown", 0, 0, 0, 118, 0, 0, 0, 0, 0, 0, 0, 49, 167
"c:\Users\oggy_\Develop\Repos\Harite\docs\working\finished\20260608-p08-3layer-audit.md", "Markdown", 0, 0, 0, 126, 0, 0, 0, 0, 0, 0, 0, 51, 177
"c:\Users\oggy_\Develop\Repos\Harite\docs\working\finished\20260608-p08-main-margins-drawer-planning-draft.md", "Markdown", 0, 0, 0, 111, 0, 0, 0, 0, 0, 0, 0, 69, 180
"c:\Users\oggy_\Develop\Repos\Harite\docs\working\finished\20260609-mat-02b-slideshow-remote-stability.md", "Markdown", 0, 0, 0, 42, 0, 0, 0, 0, 0, 0, 0, 20, 62
"c:\Users\oggy_\Develop\Repos\Harite\docs\working\finished\20260609-mat-08-viper3-slideshow-op-observation.md", "Markdown", 0, 0, 0, 83, 0, 0, 0, 0, 0, 0, 0, 35, 118
"c:\Users\oggy_\Develop\Repos\Harite\docs\working\finished\20260609-mat-15-core-geometry-audit.md", "Markdown", 0, 0, 0, 78, 0, 0, 0, 0, 0, 0, 0, 35, 113
"c:\Users\oggy_\Develop\Repos\Harite\docs\working\finished\20260610-mat-08-viper3-slideshow-op2-observation.md", "Markdown", 0, 0, 0, 73, 0, 0, 0, 0, 0, 0, 0, 27, 100
"c:\Users\oggy_\Develop\Repos\Harite\docs\working\finished\20260610-mat-08-viper3-slideshow-op3-observation.md", "Markdown", 0, 0, 0, 65, 0, 0, 0, 0, 0, 0, 0, 25, 90
"c:\Users\oggy_\Develop\Repos\Harite\docs\working\finished\20260610-q01-gtk-deprecation-planning.md", "Markdown", 0, 0, 0, 254, 0, 0, 0, 0, 0, 0, 0, 68, 322
"c:\Users\oggy_\Develop\Repos\Harite\docs\working\finished\20260610-v2-roadmap-op3-planning.md", "Markdown", 0, 0, 0, 88, 0, 0, 0, 0, 0, 0, 0, 40, 128
"c:\Users\oggy_\Develop\Repos\Harite\docs\working\finished\README.md", "Markdown", 0, 0, 0, 57, 0, 0, 0, 0, 0, 0, 0, 13, 70
"c:\Users\oggy_\Develop\Repos\Harite\pytest.ini", "Ini", 0, 0, 10, 0, 0, 0, 0, 0, 0, 0, 0, 1, 11
"c:\Users\oggy_\Develop\Repos\Harite\requirements.txt", "pip requirements", 1, 0, 0, 0, 0, 0, 0, 0, 0, 0, 10, 2, 13
"c:\Users\oggy_\Develop\Repos\Harite\scripts\README.md", "Markdown", 0, 0, 0, 30, 0, 0, 0, 0, 0, 0, 0, 20, 50
"c:\Users\oggy_\Develop\Repos\Harite\scripts\apply_docs_replacements.py", "Python", 0, 0, 0, 0, 76, 0, 0, 0, 0, 0, 7, 22, 105
"c:\Users\oggy_\Develop\Repos\Harite\scripts\check_images.py", "Python", 0, 0, 0, 0, 13, 0, 0, 0, 0, 0, 0, 3, 16
"c:\Users\oggy_\Develop\Repos\Harite\scripts\check_utf8.py", "Python", 0, 0, 0, 0, 13, 0, 0, 0, 0, 0, 1, 1, 15
"c:\Users\oggy_\Develop\Repos\Harite\scripts\check_xfce_last_image_paths.py", "Python", 0, 0, 0, 0, 51, 0, 0, 0, 0, 0, 4, 15, 70
"c:\Users\oggy_\Develop\Repos\Harite\scripts\collect_xfce_logs.sh", "Shell Script", 0, 0, 0, 0, 0, 42, 0, 0, 0, 0, 7, 12, 61
"c:\Users\oggy_\Develop\Repos\Harite\scripts\decode_b64.py", "Python", 0, 0, 0, 0, 20, 0, 0, 0, 0, 0, 0, 6, 26
"c:\Users\oggy_\Develop\Repos\Harite\scripts\extract_logs.py", "Python", 0, 0, 0, 0, 48, 0, 0, 0, 0, 0, 1, 10, 59
"c:\Users\oggy_\Develop\Repos\Harite\scripts\fix_enumerators.py", "Python", 0, 0, 0, 0, 73, 0, 0, 0, 0, 0, 8, 17, 98
"c:\Users\oggy_\Develop\Repos\Harite\scripts\gui_layout_smoke.py", "Python", 0, 0, 0, 0, 486, 0, 0, 0, 0, 0, 1, 85, 572
"c:\Users\oggy_\Develop\Repos\Harite\scripts\print_harite_logs.py", "Python", 0, 0, 0, 0, 10, 0, 0, 0, 0, 0, 0, 1, 11
"c:\Users\oggy_\Develop\Repos\Harite\scripts\run_xfce_followup.sh", "Shell Script", 0, 0, 0, 0, 0, 121, 0, 0, 0, 0, 5, 21, 147
"c:\Users\oggy_\Develop\Repos\Harite\scripts\show_extracted_dirs.py", "Python", 0, 0, 0, 0, 17, 0, 0, 0, 0, 0, 0, 1, 18
"c:\Users\oggy_\Develop\Repos\Harite\scripts\verify_linux_qt_env.py", "Python", 0, 0, 0, 0, 81, 0, 0, 0, 0, 0, 1, 23, 105
"c:\Users\oggy_\Develop\Repos\Harite\scripts\xfce_smoke_runner.py", "Python", 0, 0, 0, 0, 159, 0, 0, 0, 0, 0, 2, 29, 190
"c:\Users\oggy_\Develop\Repos\Harite\src\harite\__init__.py", "Python", 0, 0, 0, 0, 5, 0, 0, 0, 0, 0, 0, 2, 7
"c:\Users\oggy_\Develop\Repos\Harite\src\harite\apply_settings.py", "Python", 0, 0, 0, 0, 50, 0, 0, 0, 0, 0, 0, 10, 60
"c:\Users\oggy_\Develop\Repos\Harite\src\harite\apply_surface.py", "Python", 0, 0, 0, 0, 85, 0, 0, 0, 0, 0, 0, 29, 114
"c:\Users\oggy_\Develop\Repos\Harite\src\harite\auto_display_scale.py", "Python", 0, 0, 0, 0, 53, 0, 0, 0, 0, 0, 0, 9, 62
"c:\Users\oggy_\Develop\Repos\Harite\src\harite\cli.py", "Python", 0, 0, 0, 0, 633, 0, 0, 0, 0, 0, 4, 88, 725
"c:\Users\oggy_\Develop\Repos\Harite\src\harite\color_contrast.py", "Python", 0, 0, 0, 0, 20, 0, 0, 0, 0, 0, 0, 8, 28
"c:\Users\oggy_\Develop\Repos\Harite\src\harite\core.py", "Python", 0, 0, 0, 0, 980, 0, 0, 0, 0, 0, 15, 155, 1150
"c:\Users\oggy_\Develop\Repos\Harite\src\harite\display_context.py", "Python", 0, 0, 0, 0, 79, 0, 0, 0, 0, 0, 0, 23, 102
"c:\Users\oggy_\Develop\Repos\Harite\src\harite\display_scale.py", "Python", 0, 0, 0, 0, 61, 0, 0, 0, 0, 0, 1, 20, 82
"c:\Users\oggy_\Develop\Repos\Harite\src\harite\embed_info.py", "Python", 0, 0, 0, 0, 36, 0, 0, 0, 0, 0, 0, 13, 49
"c:\Users\oggy_\Develop\Repos\Harite\src\harite\gui\__init__.py", "Python", 0, 0, 0, 0, 1, 0, 0, 0, 0, 0, 0, 1, 2
"c:\Users\oggy_\Develop\Repos\Harite\src\harite\gui\adapters\__init__.py", "Python", 0, 0, 0, 0, 1, 0, 0, 0, 0, 0, 0, 1, 2
"c:\Users\oggy_\Develop\Repos\Harite\src\harite\gui\adapters\gui_runtime_action_handlers.py", "Python", 0, 0, 0, 0, 57, 0, 0, 0, 0, 0, 0, 6, 63
"c:\Users\oggy_\Develop\Repos\Harite\src\harite\gui\adapters\gui_runtime_margin_text.py", "Python", 0, 0, 0, 0, 27, 0, 0, 0, 0, 0, 0, 7, 34
"c:\Users\oggy_\Develop\Repos\Harite\src\harite\gui\adapters\gui_runtime_owner_sync.py", "Python", 0, 0, 0, 0, 40, 0, 0, 0, 0, 0, 0, 15, 55
"c:\Users\oggy_\Develop\Repos\Harite\src\harite\gui\adapters\gui_runtime_preview.py", "Python", 0, 0, 0, 0, 82, 0, 0, 0, 0, 0, 0, 22, 104
"c:\Users\oggy_\Develop\Repos\Harite\src\harite\gui\adapters\gui_runtime_settings_dialogs.py", "Python", 0, 0, 0, 0, 397, 0, 0, 0, 0, 0, 0, 71, 468
"c:\Users\oggy_\Develop\Repos\Harite\src\harite\gui\adapters\gui_runtime_slideshow_ui.py", "Python", 0, 0, 0, 0, 24, 0, 0, 0, 0, 0, 0, 6, 30
"c:\Users\oggy_\Develop\Repos\Harite\src\harite\gui\adapters\gui_runtime_sync.py", "Python", 0, 0, 0, 0, 268, 0, 0, 0, 0, 0, 0, 53, 321
"c:\Users\oggy_\Develop\Repos\Harite\src\harite\gui\adapters\ui_adapter.py", "Python", 0, 0, 0, 0, 95, 0, 0, 0, 0, 0, 0, 15, 110
"c:\Users\oggy_\Develop\Repos\Harite\src\harite\gui\adapters_qt\__init__.py", "Python", 0, 0, 0, 0, 1, 0, 0, 0, 0, 0, 0, 1, 2
"c:\Users\oggy_\Develop\Repos\Harite\src\harite\gui\adapters_qt\qt_backend.py", "Python", 0, 0, 0, 0, 932, 0, 0, 0, 0, 0, 81, 192, 1205
"c:\Users\oggy_\Develop\Repos\Harite\src\harite\gui\adapters_qt\qt_dialogs.py", "Python", 0, 0, 0, 0, 526, 0, 0, 0, 0, 0, 24, 132, 682
"c:\Users\oggy_\Develop\Repos\Harite\src\harite\gui\adapters_qt\qt_input_method.py", "Python", 0, 0, 0, 0, 388, 0, 0, 0, 0, 0, 0, 99, 487
"c:\Users\oggy_\Develop\Repos\Harite\src\harite\gui\adapters_qt\qt_layout_builders.py", "Python", 0, 0, 0, 0, 173, 0, 0, 0, 0, 0, 17, 66, 256
"c:\Users\oggy_\Develop\Repos\Harite\src\harite\gui\adapters_qt\qt_margin_text.py", "Python", 0, 0, 0, 0, 30, 0, 0, 0, 0, 0, 0, 9, 39
"c:\Users\oggy_\Develop\Repos\Harite\src\harite\gui\adapters_qt\qt_object_registry.py", "Python", 0, 0, 0, 0, 201, 0, 0, 0, 0, 0, 3, 21, 225
"c:\Users\oggy_\Develop\Repos\Harite\src\harite\gui\adapters_qt\qt_signal_wiring.py", "Python", 0, 0, 0, 0, 276, 0, 0, 0, 0, 0, 21, 45, 342
"c:\Users\oggy_\Develop\Repos\Harite\src\harite\gui\adapters_qt\qt_source_catalog.py", "Python", 0, 0, 0, 0, 105, 0, 0, 0, 0, 0, 0, 31, 136
"c:\Users\oggy_\Develop\Repos\Harite\src\harite\gui\adapters_qt\qt_source_registry_dialog.py", "Python", 0, 0, 0, 0, 578, 0, 0, 0, 0, 0, 0, 90, 668
"c:\Users\oggy_\Develop\Repos\Harite\src\harite\gui\adapters_qt\qt_stylesheet.py", "Python", 0, 0, 0, 0, 72, 0, 0, 0, 0, 0, 2, 16, 90
"c:\Users\oggy_\Develop\Repos\Harite\src\harite\gui\adapters_qt\qt_svg_support.py", "Python", 0, 0, 0, 0, 41, 0, 0, 0, 0, 0, 0, 16, 57
"c:\Users\oggy_\Develop\Repos\Harite\src\harite\gui\adapters_qt\qt_tab_main.py", "Python", 0, 0, 0, 0, 416, 0, 0, 0, 0, 0, 16, 115, 547
"c:\Users\oggy_\Develop\Repos\Harite\src\harite\gui\adapters_qt\qt_tab_margins.py", "Python", 0, 0, 0, 0, 409, 0, 0, 0, 0, 0, 25, 108, 542
"c:\Users\oggy_\Develop\Repos\Harite\src\harite\gui\adapters_qt\qt_tab_slideshow.py", "Python", 0, 0, 0, 0, 418, 0, 0, 0, 0, 0, 17, 106, 541
"c:\Users\oggy_\Develop\Repos\Harite\src\harite\gui\adapters_qt\qt_tray_adapter.py", "Python", 0, 0, 0, 0, 235, 0, 0, 0, 0, 0, 35, 80, 350
"c:\Users\oggy_\Develop\Repos\Harite\src\harite\gui\adapters_qt\qt_widget_helpers.py", "Python", 0, 0, 0, 0, 515, 0, 0, 0, 0, 0, 29, 132, 676
"c:\Users\oggy_\Develop\Repos\Harite\src\harite\gui\app_qt.py", "Python", 0, 0, 0, 0, 93, 0, 0, 0, 0, 0, 0, 26, 119
"c:\Users\oggy_\Develop\Repos\Harite\src\harite\gui\controllers\optimize_controller.py", "Python", 0, 0, 0, 0, 167, 0, 0, 0, 0, 0, 0, 29, 196
"c:\Users\oggy_\Develop\Repos\Harite\src\harite\gui\dual_display_ui.py", "Python", 0, 0, 0, 0, 43, 0, 0, 0, 0, 0, 3, 8, 54
"c:\Users\oggy_\Develop\Repos\Harite\src\harite\gui\path_display.py", "Python", 0, 0, 0, 0, 23, 0, 0, 0, 0, 0, 0, 9, 32
"c:\Users\oggy_\Develop\Repos\Harite\src\harite\gui\resource_access.py", "Python", 0, 0, 0, 0, 29, 0, 0, 0, 0, 0, 0, 10, 39
"c:\Users\oggy_\Develop\Repos\Harite\src\harite\gui\resources\README.md", "Markdown", 0, 0, 0, 12, 0, 0, 0, 0, 0, 0, 0, 6, 18
"c:\Users\oggy_\Develop\Repos\Harite\src\harite\gui\resources\icons\lucide\archive.svg", "XML", 0, 0, 0, 0, 0, 0, 0, 0, 15, 0, 0, 1, 16
"c:\Users\oggy_\Develop\Repos\Harite\src\harite\gui\resources\icons\lucide\arrow-down.svg", "XML", 0, 0, 0, 0, 0, 0, 0, 0, 14, 0, 0, 1, 15
"c:\Users\oggy_\Develop\Repos\Harite\src\harite\gui\resources\icons\lucide\arrow-left-right.svg", "XML", 0, 0, 0, 0, 0, 0, 0, 0, 16, 0, 0, 1, 17
"c:\Users\oggy_\Develop\Repos\Harite\src\harite\gui\resources\icons\lucide\arrow-left.svg", "XML", 0, 0, 0, 0, 0, 0, 0, 0, 14, 0, 0, 1, 15
"c:\Users\oggy_\Develop\Repos\Harite\src\harite\gui\resources\icons\lucide\arrow-right.svg", "XML", 0, 0, 0, 0, 0, 0, 0, 0, 14, 0, 0, 1, 15
"c:\Users\oggy_\Develop\Repos\Harite\src\harite\gui\resources\icons\lucide\arrow-up.svg", "XML", 0, 0, 0, 0, 0, 0, 0, 0, 14, 0, 0, 1, 15
"c:\Users\oggy_\Develop\Repos\Harite\src\harite\gui\resources\icons\lucide\bookmark.svg", "XML", 0, 0, 0, 0, 0, 0, 0, 0, 13, 0, 0, 1, 14
"c:\Users\oggy_\Develop\Repos\Harite\src\harite\gui\resources\icons\lucide\circle-help.svg", "XML", 0, 0, 0, 0, 0, 0, 0, 0, 5, 0, 0, 0, 5
"c:\Users\oggy_\Develop\Repos\Harite\src\harite\gui\resources\icons\lucide\folder-open.svg", "XML", 0, 0, 0, 0, 0, 0, 0, 0, 13, 0, 0, 1, 14
"c:\Users\oggy_\Develop\Repos\Harite\src\harite\gui\resources\icons\lucide\folder-x.svg", "XML", 0, 0, 0, 0, 0, 0, 0, 0, 15, 0, 0, 1, 16
"c:\Users\oggy_\Develop\Repos\Harite\src\harite\gui\resources\icons\lucide\image-down.svg", "XML", 0, 0, 0, 0, 0, 0, 0, 0, 17, 0, 0, 1, 18
"c:\Users\oggy_\Develop\Repos\Harite\src\harite\gui\resources\icons\lucide\image.svg", "XML", 0, 0, 0, 0, 0, 0, 0, 0, 15, 0, 0, 1, 16
"c:\Users\oggy_\Develop\Repos\Harite\src\harite\gui\resources\icons\lucide\info.svg", "XML", 0, 0, 0, 0, 0, 0, 0, 0, 5, 0, 0, 0, 5
"c:\Users\oggy_\Develop\Repos\Harite\src\harite\gui\resources\icons\lucide\palette.svg", "XML", 0, 0, 0, 0, 0, 0, 0, 0, 6, 0, 0, 0, 6
"c:\Users\oggy_\Develop\Repos\Harite\src\harite\gui\resources\icons\lucide\pause.svg", "XML", 0, 0, 0, 0, 0, 0, 0, 0, 14, 0, 0, 1, 15
"c:\Users\oggy_\Develop\Repos\Harite\src\harite\gui\resources\icons\lucide\play.svg", "XML", 0, 0, 0, 0, 0, 0, 0, 0, 13, 0, 0, 1, 14
"c:\Users\oggy_\Develop\Repos\Harite\src\harite\gui\resources\icons\lucide\save.svg", "XML", 0, 0, 0, 0, 0, 0, 0, 0, 15, 0, 0, 1, 16
"c:\Users\oggy_\Develop\Repos\Harite\src\harite\gui\resources\icons\lucide\settings.svg", "XML", 0, 0, 0, 0, 0, 0, 0, 0, 11, 0, 0, 0, 11
"c:\Users\oggy_\Develop\Repos\Harite\src\harite\gui\resources\icons\lucide\wallpaper.svg", "XML", 0, 0, 0, 0, 0, 0, 0, 0, 17, 0, 0, 1, 18
"c:\Users\oggy_\Develop\Repos\Harite\src\harite\gui\resources\icons\product\harite.svg", "XML", 0, 0, 0, 0, 0, 0, 0, 0, 28, 0, 0, 0, 28
"c:\Users\oggy_\Develop\Repos\Harite\src\harite\gui\resources\icons\product\harite_app.svg", "XML", 0, 0, 0, 0, 0, 0, 0, 0, 30, 0, 0, 2, 32
"c:\Users\oggy_\Develop\Repos\Harite\src\harite\gui\resources\icons\product\harite_light_bg.svg", "XML", 0, 0, 0, 0, 0, 0, 0, 0, 28, 0, 0, 1, 29
"c:\Users\oggy_\Develop\Repos\Harite\src\harite\gui\resources\icons\product\harite_off.svg", "XML", 0, 0, 0, 0, 0, 0, 0, 0, 29, 0, 0, 0, 29
"c:\Users\oggy_\Develop\Repos\Harite\src\harite\gui\resources\icons\product\harite_off_light_bg.svg", "XML", 0, 0, 0, 0, 0, 0, 0, 0, 29, 0, 0, 1, 30
"c:\Users\oggy_\Develop\Repos\Harite\src\harite\gui\resources\source_presets\harite-source-presets.json", "JSON", 0, 0, 0, 0, 0, 0, 0, 198, 0, 0, 0, 200, 398
"c:\Users\oggy_\Develop\Repos\Harite\src\harite\gui\services\cli_mapper.py", "Python", 0, 0, 0, 0, 54, 0, 0, 0, 0, 0, 0, 9, 63
"c:\Users\oggy_\Develop\Repos\Harite\src\harite\gui\tray_icon_theme.py", "Python", 0, 0, 0, 0, 58, 0, 0, 0, 0, 0, 0, 17, 75
"c:\Users\oggy_\Develop\Repos\Harite\src\harite\gui\views\compose_surface.py", "Python", 0, 0, 0, 0, 5, 0, 0, 0, 0, 0, 0, 4, 9
"c:\Users\oggy_\Develop\Repos\Harite\src\harite\gui\views\display_scale_surface.py", "Python", 0, 0, 0, 0, 32, 0, 0, 0, 0, 0, 0, 16, 48
"c:\Users\oggy_\Develop\Repos\Harite\src\harite\gui\views\drawer_window_resize.py", "Python", 0, 0, 0, 0, 248, 0, 0, 0, 0, 0, 1, 53, 302
"c:\Users\oggy_\Develop\Repos\Harite\src\harite\gui\views\flow_legend_surface.py", "Python", 0, 0, 0, 0, 49, 0, 0, 0, 0, 0, 0, 15, 64
"c:\Users\oggy_\Develop\Repos\Harite\src\harite\gui\views\footer_feedback.py", "Python", 0, 0, 0, 0, 123, 0, 0, 0, 0, 0, 1, 28, 152
"c:\Users\oggy_\Develop\Repos\Harite\src\harite\gui\views\icon_button_surface.py", "Python", 0, 0, 0, 0, 13, 0, 0, 0, 0, 0, 0, 6, 19
"c:\Users\oggy_\Develop\Repos\Harite\src\harite\gui\views\main_action_surface.py", "Python", 0, 0, 0, 0, 40, 0, 0, 0, 0, 0, 0, 12, 52
"c:\Users\oggy_\Develop\Repos\Harite\src\harite\gui\views\main_window.py", "Python", 0, 0, 0, 0, 1878, 0, 0, 0, 0, 0, 2, 256, 2136
"c:\Users\oggy_\Develop\Repos\Harite\src\harite\gui\views\main_window_preview.py", "Python", 0, 0, 0, 0, 96, 0, 0, 0, 0, 0, 0, 24, 120
"c:\Users\oggy_\Develop\Repos\Harite\src\harite\gui\views\margins_options_drawer.py", "Python", 0, 0, 0, 0, 159, 0, 0, 0, 0, 0, 0, 49, 208
"c:\Users\oggy_\Develop\Repos\Harite\src\harite\gui\views\margins_surface.py", "Python", 0, 0, 0, 0, 36, 0, 0, 0, 0, 0, 0, 10, 46
"c:\Users\oggy_\Develop\Repos\Harite\src\harite\gui\views\slideshow_codh_keyword_chip.py", "Python", 0, 0, 0, 0, 33, 0, 0, 0, 0, 0, 0, 12, 45
"c:\Users\oggy_\Develop\Repos\Harite\src\harite\gui\views\slideshow_ndl_keyword_chip.py", "Python", 0, 0, 0, 0, 33, 0, 0, 0, 0, 0, 0, 12, 45
"c:\Users\oggy_\Develop\Repos\Harite\src\harite\gui\views\slideshow_options_drawer.py", "Python", 0, 0, 0, 0, 156, 0, 0, 0, 0, 0, 0, 48, 204
"c:\Users\oggy_\Develop\Repos\Harite\src\harite\last_optimize_run.py", "Python", 0, 0, 0, 0, 81, 0, 0, 0, 0, 0, 0, 23, 104
"c:\Users\oggy_\Develop\Repos\Harite\src\harite\linux_xdg_launcher.py", "Python", 0, 0, 0, 0, 54, 0, 0, 0, 0, 0, 0, 15, 69
"c:\Users\oggy_\Develop\Repos\Harite\src\harite\local_time.py", "Python", 0, 0, 0, 0, 10, 0, 0, 0, 0, 0, 0, 8, 18
"c:\Users\oggy_\Develop\Repos\Harite\src\harite\optimize_settings.py", "Python", 0, 0, 0, 0, 73, 0, 0, 0, 0, 0, 0, 18, 91
"c:\Users\oggy_\Develop\Repos\Harite\src\harite\plugins.py", "Python", 0, 0, 0, 0, 453, 0, 0, 0, 0, 0, 18, 91, 562
"c:\Users\oggy_\Develop\Repos\Harite\src\harite\positioning.py", "Python", 0, 0, 0, 0, 49, 0, 0, 0, 0, 0, 0, 24, 73
"c:\Users\oggy_\Develop\Repos\Harite\src\harite\resolution.py", "Python", 0, 0, 0, 0, 12, 0, 0, 0, 0, 0, 0, 4, 16
"c:\Users\oggy_\Develop\Repos\Harite\src\harite\settings.py", "Python", 0, 0, 0, 0, 184, 0, 0, 0, 0, 0, 0, 28, 212
"c:\Users\oggy_\Develop\Repos\Harite\src\harite\settings_file.py", "Python", 0, 0, 0, 0, 37, 0, 0, 0, 0, 0, 0, 9, 46
"c:\Users\oggy_\Develop\Repos\Harite\src\harite\slideshow.py", "Python", 0, 0, 0, 0, 90, 0, 0, 0, 0, 0, 0, 23, 113
"c:\Users\oggy_\Develop\Repos\Harite\src\harite\slideshow_op_log.py", "Python", 0, 0, 0, 0, 38, 0, 0, 0, 0, 0, 0, 11, 49
"c:\Users\oggy_\Develop\Repos\Harite\src\harite\slideshow_optimize.py", "Python", 0, 0, 0, 0, 280, 0, 0, 0, 0, 0, 0, 51, 331
"c:\Users\oggy_\Develop\Repos\Harite\src\harite\sources.py", "Python", 0, 0, 0, 0, 354, 0, 0, 0, 0, 0, 1, 99, 454
"c:\Users\oggy_\Develop\Repos\Harite\src\harite\sources_file.py", "Python", 0, 0, 0, 0, 39, 0, 0, 0, 0, 0, 0, 11, 50
"c:\Users\oggy_\Develop\Repos\Harite\src\harite\sources_preset.py", "Python", 0, 0, 0, 0, 418, 0, 0, 0, 0, 0, 0, 69, 487
"c:\Users\oggy_\Develop\Repos\Harite\src\harite\sources_remote.py", "Python", 0, 0, 0, 0, 834, 0, 0, 0, 0, 0, 4, 148, 986
"c:\Users\oggy_\Develop\Repos\Harite\src\harite\sources_remote_codh.py", "Python", 0, 0, 0, 0, 437, 0, 0, 0, 0, 0, 0, 66, 503
"c:\Users\oggy_\Develop\Repos\Harite\src\harite\sources_remote_jma.py", "Python", 0, 0, 0, 0, 230, 0, 0, 0, 0, 0, 0, 34, 264
"c:\Users\oggy_\Develop\Repos\Harite\src\harite\sources_remote_ndl_keyword.py", "Python", 0, 0, 0, 0, 404, 0, 0, 0, 0, 0, 0, 56, 460
"c:\Users\oggy_\Develop\Repos\Harite\src\harite\sources_remote_ndl_kiriezu.py", "Python", 0, 0, 0, 0, 411, 0, 0, 0, 0, 0, 4, 62, 477
"c:\Users\oggy_\Develop\Repos\Harite\src\harite\windows_wallpaper.py", "Python", 0, 0, 0, 0, 35, 0, 0, 0, 0, 0, 0, 12, 47
"c:\Users\oggy_\Develop\Repos\Harite\src\harite\workspace.py", "Python", 0, 0, 0, 0, 258, 0, 0, 0, 0, 0, 3, 41, 302
"c:\Users\oggy_\Develop\Repos\Harite\tests\__init__.py", "Python", 0, 0, 0, 0, 0, 0, 0, 0, 0, 0, 0, 1, 1
"c:\Users\oggy_\Develop\Repos\Harite\tests\cli\test_apply_cli.py", "Python", 0, 0, 0, 0, 136, 0, 0, 0, 0, 0, 0, 45, 181
"c:\Users\oggy_\Develop\Repos\Harite\tests\cli\test_cli_replacements.py", "Python", 0, 0, 0, 0, 35, 0, 0, 0, 0, 0, 2, 9, 46
"c:\Users\oggy_\Develop\Repos\Harite\tests\cli\test_cli_validation.py", "Python", 0, 0, 0, 0, 752, 0, 0, 0, 0, 0, 0, 202, 954
"c:\Users\oggy_\Develop\Repos\Harite\tests\cli\test_desktop_entry_cli.py", "Python", 0, 0, 0, 0, 78, 0, 0, 0, 0, 0, 0, 26, 104
"c:\Users\oggy_\Develop\Repos\Harite\tests\cli\test_slideshow_cli.py", "Python", 0, 0, 0, 0, 672, 0, 0, 0, 0, 0, 1, 174, 847
"c:\Users\oggy_\Develop\Repos\Harite\tests\conftest.py", "Python", 0, 0, 0, 0, 39, 0, 0, 0, 0, 0, 1, 15, 55
"c:\Users\oggy_\Develop\Repos\Harite\tests\core\test_align_valign.py", "Python", 0, 0, 0, 0, 74, 0, 0, 0, 0, 0, 8, 26, 108
"c:\Users\oggy_\Develop\Repos\Harite\tests\core\test_color_contrast.py", "Python", 0, 0, 0, 0, 11, 0, 0, 0, 0, 0, 0, 10, 21
"c:\Users\oggy_\Develop\Repos\Harite\tests\core\test_core.py", "Python", 0, 0, 0, 0, 49, 0, 0, 0, 0, 0, 2, 13, 64
"c:\Users\oggy_\Develop\Repos\Harite\tests\core\test_core_edgecases.py", "Python", 0, 0, 0, 0, 46, 0, 0, 0, 0, 0, 5, 22, 73
"c:\Users\oggy_\Develop\Repos\Harite\tests\core\test_core_features.py", "Python", 0, 0, 0, 0, 355, 0, 0, 0, 0, 0, 5, 92, 452
"c:\Users\oggy_\Develop\Repos\Harite\tests\core\test_core_twoscreen.py", "Python", 0, 0, 0, 0, 23, 0, 0, 0, 0, 0, 3, 6, 32
"c:\Users\oggy_\Develop\Repos\Harite\tests\core\test_embed_info.py", "Python", 0, 0, 0, 0, 61, 0, 0, 0, 0, 0, 0, 18, 79
"c:\Users\oggy_\Develop\Repos\Harite\tests\core\test_mat15_geometry_audit.py", "Python", 0, 0, 0, 0, 108, 0, 0, 0, 0, 0, 0, 27, 135
"c:\Users\oggy_\Develop\Repos\Harite\tests\core\test_split_image.py", "Python", 0, 0, 0, 0, 38, 0, 0, 0, 0, 0, 3, 15, 56
"c:\Users\oggy_\Develop\Repos\Harite\tests\data\README.md", "Markdown", 0, 0, 0, 11, 0, 0, 0, 0, 0, 0, 0, 6, 17
"c:\Users\oggy_\Develop\Repos\Harite\tests\fixtures\sample_enumerators.md", "Markdown", 0, 0, 0, 3, 0, 0, 0, 0, 0, 0, 0, 2, 5
"c:\Users\oggy_\Develop\Repos\Harite\tests\fixtures\sample_no_change.md", "Markdown", 0, 0, 0, 4, 0, 0, 0, 0, 0, 0, 0, 3, 7
"c:\Users\oggy_\Develop\Repos\Harite\tests\gui\conftest.py", "Python", 0, 0, 0, 0, 64, 0, 0, 0, 0, 0, 0, 22, 86
"c:\Users\oggy_\Develop\Repos\Harite\tests\gui\test_app_qt_entrypoint.py", "Python", 0, 0, 0, 0, 142, 0, 0, 0, 0, 0, 6, 69, 217
"c:\Users\oggy_\Develop\Repos\Harite\tests\gui\test_c01_gui_preset_combos.py", "Python", 0, 0, 0, 0, 116, 0, 0, 0, 0, 0, 0, 46, 162
"c:\Users\oggy_\Develop\Repos\Harite\tests\gui\test_c01_slideshow_jma_start.py", "Python", 0, 0, 0, 0, 94, 0, 0, 0, 0, 0, 0, 30, 124
"c:\Users\oggy_\Develop\Repos\Harite\tests\gui\test_c02_source_registry_gui.py", "Python", 0, 0, 0, 0, 188, 0, 0, 0, 0, 0, 0, 50, 238
"c:\Users\oggy_\Develop\Repos\Harite\tests\gui\test_c05_slideshow_source_resolve.py", "Python", 0, 0, 0, 0, 165, 0, 0, 0, 0, 0, 0, 40, 205
"c:\Users\oggy_\Develop\Repos\Harite\tests\gui\test_cli_mapper.py", "Python", 0, 0, 0, 0, 41, 0, 0, 0, 0, 0, 0, 14, 55
"c:\Users\oggy_\Develop\Repos\Harite\tests\gui\test_drawer_window_resize.py", "Python", 0, 0, 0, 0, 162, 0, 0, 0, 0, 0, 0, 64, 226
"c:\Users\oggy_\Develop\Repos\Harite\tests\gui\test_flow_legend_surface.py", "Python", 0, 0, 0, 0, 40, 0, 0, 0, 0, 0, 0, 16, 56
"c:\Users\oggy_\Develop\Repos\Harite\tests\gui\test_footer_feedback.py", "Python", 0, 0, 0, 0, 53, 0, 0, 0, 0, 0, 0, 17, 70
"c:\Users\oggy_\Develop\Repos\Harite\tests\gui\test_gui_runtime_action_handlers.py", "Python", 0, 0, 0, 0, 69, 0, 0, 0, 0, 0, 0, 31, 100
"c:\Users\oggy_\Develop\Repos\Harite\tests\gui\test_icon_button_surface.py", "Python", 0, 0, 0, 0, 23, 0, 0, 0, 0, 0, 0, 12, 35
"c:\Users\oggy_\Develop\Repos\Harite\tests\gui\test_main_window_signals.py", "Python", 0, 0, 0, 0, 1653, 0, 0, 0, 0, 0, 4, 533, 2190
"c:\Users\oggy_\Develop\Repos\Harite\tests\gui\test_margin_settings_preview.py", "Python", 0, 0, 0, 0, 102, 0, 0, 0, 0, 0, 0, 22, 124
"c:\Users\oggy_\Develop\Repos\Harite\tests\gui\test_margins_options_drawer.py", "Python", 0, 0, 0, 0, 91, 0, 0, 0, 0, 0, 0, 28, 119
"c:\Users\oggy_\Develop\Repos\Harite\tests\gui\test_margins_surface.py", "Python", 0, 0, 0, 0, 55, 0, 0, 0, 0, 0, 0, 26, 81
"c:\Users\oggy_\Develop\Repos\Harite\tests\gui\test_mat11_slideshow_single_optimize.py", "Python", 0, 0, 0, 0, 94, 0, 0, 0, 0, 0, 0, 37, 131
"c:\Users\oggy_\Develop\Repos\Harite\tests\gui\test_optimize_controller.py", "Python", 0, 0, 0, 0, 146, 0, 0, 0, 0, 0, 0, 54, 200
"c:\Users\oggy_\Develop\Repos\Harite\tests\gui\test_p01_p02_lr_swap_clear.py", "Python", 0, 0, 0, 0, 154, 0, 0, 0, 0, 0, 0, 63, 217
"c:\Users\oggy_\Develop\Repos\Harite\tests\gui\test_p03_margin_embed.py", "Python", 0, 0, 0, 0, 70, 0, 0, 0, 0, 0, 1, 24, 95
"c:\Users\oggy_\Develop\Repos\Harite\tests\gui\test_p03_qt_widget_disable.py", "Python", 0, 0, 0, 0, 41, 0, 0, 0, 0, 0, 1, 13, 55
"c:\Users\oggy_\Develop\Repos\Harite\tests\gui\test_p03_single_display.py", "Python", 0, 0, 0, 0, 100, 0, 0, 0, 0, 0, 0, 30, 130
"c:\Users\oggy_\Develop\Repos\Harite\tests\gui\test_p05_manage_sources_panel.py", "Python", 0, 0, 0, 0, 64, 0, 0, 0, 0, 0, 0, 14, 78
"c:\Users\oggy_\Develop\Repos\Harite\tests\gui\test_p06_slideshow_codh_keyword_chip.py", "Python", 0, 0, 0, 0, 77, 0, 0, 0, 0, 0, 0, 22, 99
"c:\Users\oggy_\Develop\Repos\Harite\tests\gui\test_p06_slideshow_ndl_keyword_chip.py", "Python", 0, 0, 0, 0, 77, 0, 0, 0, 0, 0, 0, 22, 99
"c:\Users\oggy_\Develop\Repos\Harite\tests\gui\test_p08_main_margins_drawer.py", "Python", 0, 0, 0, 0, 139, 0, 0, 0, 0, 0, 15, 59, 213
"c:\Users\oggy_\Develop\Repos\Harite\tests\gui\test_phase4_regression.py", "Python", 0, 0, 0, 0, 79, 0, 0, 0, 0, 0, 0, 27, 106
"c:\Users\oggy_\Develop\Repos\Harite\tests\gui\test_qt_dialogs.py", "Python", 0, 0, 0, 0, 284, 0, 0, 0, 0, 0, 23, 151, 458
"c:\Users\oggy_\Develop\Repos\Harite\tests\gui\test_qt_input_method.py", "Python", 0, 0, 0, 0, 189, 0, 0, 0, 0, 0, 0, 78, 267
"c:\Users\oggy_\Develop\Repos\Harite\tests\gui\test_qt_layout.py", "Python", 0, 0, 0, 0, 113, 0, 0, 0, 0, 0, 15, 60, 188
"c:\Users\oggy_\Develop\Repos\Harite\tests\gui\test_qt_margin_text.py", "Python", 0, 0, 0, 0, 63, 0, 0, 0, 0, 0, 0, 28, 91
"c:\Users\oggy_\Develop\Repos\Harite\tests\gui\test_qt_signal_wiring.py", "Python", 0, 0, 0, 0, 679, 0, 0, 0, 0, 0, 44, 262, 985
"c:\Users\oggy_\Develop\Repos\Harite\tests\gui\test_qt_source_registry_dialog.py", "Python", 0, 0, 0, 0, 179, 0, 0, 0, 0, 0, 0, 58, 237
"c:\Users\oggy_\Develop\Repos\Harite\tests\gui\test_qt_stylesheet.py", "Python", 0, 0, 0, 0, 99, 0, 0, 0, 0, 0, 24, 77, 200
"c:\Users\oggy_\Develop\Repos\Harite\tests\gui\test_qt_svg_support.py", "Python", 0, 0, 0, 0, 20, 0, 0, 0, 0, 0, 0, 15, 35
"c:\Users\oggy_\Develop\Repos\Harite\tests\gui\test_qt_tab_main.py", "Python", 0, 0, 0, 0, 201, 0, 0, 0, 0, 0, 14, 95, 310
"c:\Users\oggy_\Develop\Repos\Harite\tests\gui\test_qt_tab_margins.py", "Python", 0, 0, 0, 0, 158, 0, 0, 0, 0, 0, 24, 85, 267
"c:\Users\oggy_\Develop\Repos\Harite\tests\gui\test_qt_tab_slideshow.py", "Python", 0, 0, 0, 0, 194, 0, 0, 0, 0, 0, 30, 92, 316
"c:\Users\oggy_\Develop\Repos\Harite\tests\gui\test_qt_tray_adapter.py", "Python", 0, 0, 0, 0, 178, 0, 0, 0, 0, 0, 27, 124, 329
"c:\Users\oggy_\Develop\Repos\Harite\tests\gui\test_qt_widget_helpers.py", "Python", 0, 0, 0, 0, 369, 0, 0, 0, 0, 0, 39, 185, 593
"c:\Users\oggy_\Develop\Repos\Harite\tests\gui\test_runtime_preview.py", "Python", 0, 0, 0, 0, 45, 0, 0, 0, 0, 0, 0, 30, 75
"c:\Users\oggy_\Develop\Repos\Harite\tests\gui\test_slideshow_options_drawer.py", "Python", 0, 0, 0, 0, 89, 0, 0, 0, 0, 0, 0, 26, 115
"c:\Users\oggy_\Develop\Repos\Harite\tests\gui\test_slideshow_output_issue317.py", "Python", 0, 0, 0, 0, 270, 0, 0, 0, 0, 0, 5, 91, 366
"c:\Users\oggy_\Develop\Repos\Harite\tests\gui\test_tray_icon_theme.py", "Python", 0, 0, 0, 0, 75, 0, 0, 0, 0, 0, 0, 44, 119
"c:\Users\oggy_\Develop\Repos\Harite\tests\integration\test_src_smoke.py", "Python", 0, 0, 0, 0, 17, 0, 0, 0, 0, 0, 0, 6, 23
"c:\Users\oggy_\Develop\Repos\Harite\tests\integration\test_xfce_smoke_runner.py", "Python", 0, 0, 0, 0, 19, 0, 0, 0, 0, 0, 0, 9, 28
"c:\Users\oggy_\Develop\Repos\Harite\tests\integration\test_xfconf_repro.py", "Python", 0, 0, 0, 0, 40, 0, 0, 0, 0, 0, 5, 16, 61
"c:\Users\oggy_\Develop\Repos\Harite\tests\plugins\test_plugins.py", "Python", 0, 0, 0, 0, 65, 0, 0, 0, 0, 0, 5, 25, 95
"c:\Users\oggy_\Develop\Repos\Harite\tests\plugins\test_plugins_feh_non_dry_run.py", "Python", 0, 0, 0, 0, 19, 0, 0, 0, 0, 0, 1, 9, 29
"c:\Users\oggy_\Develop\Repos\Harite\tests\plugins\test_plugins_gnome_non_dry_run.py", "Python", 0, 0, 0, 0, 19, 0, 0, 0, 0, 0, 2, 9, 30
"c:\Users\oggy_\Develop\Repos\Harite\tests\plugins\test_plugins_linux_absolute_paths.py", "Python", 0, 0, 0, 0, 25, 0, 0, 0, 0, 0, 1, 12, 38
"c:\Users\oggy_\Develop\Repos\Harite\tests\plugins\test_plugins_linux_mapping.py", "Python", 0, 0, 0, 0, 26, 0, 0, 0, 0, 0, 1, 9, 36
"c:\Users\oggy_\Develop\Repos\Harite\tests\plugins\test_plugins_xfce_non_dry_run.py", "Python", 0, 0, 0, 0, 20, 0, 0, 0, 0, 0, 5, 9, 34
"c:\Users\oggy_\Develop\Repos\Harite\tests\plugins\test_plugins_xfconf.py", "Python", 0, 0, 0, 0, 63, 0, 0, 0, 0, 0, 9, 31, 103
"c:\Users\oggy_\Develop\Repos\Harite\tests\plugins\test_plugins_xfconf_aliases.py", "Python", 0, 0, 0, 0, 19, 0, 0, 0, 0, 0, 5, 12, 36
"c:\Users\oggy_\Develop\Repos\Harite\tests\plugins\test_plugins_xfconf_composite.py", "Python", 0, 0, 0, 0, 22, 0, 0, 0, 0, 0, 3, 12, 37
"c:\Users\oggy_\Develop\Repos\Harite\tests\plugins\test_plugins_xfconf_extra.py", "Python", 0, 0, 0, 0, 54, 0, 0, 0, 0, 0, 6, 32, 92
"c:\Users\oggy_\Develop\Repos\Harite\tests\plugins\test_plugins_xfconf_index_mapping.py", "Python", 0, 0, 0, 0, 22, 0, 0, 0, 0, 0, 3, 12, 37
"c:\Users\oggy_\Develop\Repos\Harite\tests\plugins\test_plugins_xfconf_position.py", "Python", 0, 0, 0, 0, 22, 0, 0, 0, 0, 0, 3, 12, 37
"c:\Users\oggy_\Develop\Repos\Harite\tests\plugins\test_plugins_xfconf_position_edgecases.py", "Python", 0, 0, 0, 0, 37, 0, 0, 0, 0, 0, 6, 20, 63
"c:\Users\oggy_\Develop\Repos\Harite\tests\plugins\test_plugins_xfconf_position_threshold.py", "Python", 0, 0, 0, 0, 22, 0, 0, 0, 0, 0, 3, 12, 37
"c:\Users\oggy_\Develop\Repos\Harite\tests\plugins\test_plugins_xfconf_resolution_mapping.py", "Python", 0, 0, 0, 0, 19, 0, 0, 0, 0, 0, 3, 12, 34
"c:\Users\oggy_\Develop\Repos\Harite\tests\regression\test_regression_extra.py", "Python", 0, 0, 0, 0, 56, 0, 0, 0, 0, 0, 0, 20, 76
"c:\Users\oggy_\Develop\Repos\Harite\tests\regression\test_regression_more.py", "Python", 0, 0, 0, 0, 38, 0, 0, 0, 0, 0, 1, 10, 49
"c:\Users\oggy_\Develop\Repos\Harite\tests\regression\test_regression_parity.py", "Python", 0, 0, 0, 0, 28, 0, 0, 0, 0, 0, 1, 9, 38
"c:\Users\oggy_\Develop\Repos\Harite\tests\remote_sync_http_mocks.py", "Python", 0, 0, 0, 0, 123, 0, 0, 0, 0, 0, 0, 28, 151
"c:\Users\oggy_\Develop\Repos\Harite\tests\scripts\test_gui_layout_smoke.py", "Python", 0, 0, 0, 0, 601, 0, 0, 0, 0, 0, 1, 64, 666
"c:\Users\oggy_\Develop\Repos\Harite\tests\scripts\test_verify_linux_qt_env.py", "Python", 0, 0, 0, 0, 18, 0, 0, 0, 0, 0, 0, 5, 23
"c:\Users\oggy_\Develop\Repos\Harite\tests\slideshow\test_slideshow_runner.py", "Python", 0, 0, 0, 0, 108, 0, 0, 0, 0, 0, 0, 47, 155
"c:\Users\oggy_\Develop\Repos\Harite\tests\test_apply_settings.py", "Python", 0, 0, 0, 0, 64, 0, 0, 0, 0, 0, 0, 20, 84
"c:\Users\oggy_\Develop\Repos\Harite\tests\test_apply_surface.py", "Python", 0, 0, 0, 0, 26, 0, 0, 0, 0, 0, 0, 15, 41
"c:\Users\oggy_\Develop\Repos\Harite\tests\test_auto_display_scale.py", "Python", 0, 0, 0, 0, 44, 0, 0, 0, 0, 0, 0, 13, 57
"c:\Users\oggy_\Develop\Repos\Harite\tests\test_c01_e_kw_codh_keyword.py", "Python", 0, 0, 0, 0, 133, 0, 0, 0, 0, 0, 0, 44, 177
"c:\Users\oggy_\Develop\Repos\Harite\tests\test_c01_e_kw_ndl_keyword.py", "Python", 0, 0, 0, 0, 56, 0, 0, 0, 0, 0, 0, 18, 74
"c:\Users\oggy_\Develop\Repos\Harite\tests\test_c01_f_codh_index_cursor.py", "Python", 0, 0, 0, 0, 190, 0, 0, 0, 0, 0, 0, 46, 236
"c:\Users\oggy_\Develop\Repos\Harite\tests\test_c01_f_jma_interval_sync.py", "Python", 0, 0, 0, 0, 126, 0, 0, 0, 0, 0, 0, 32, 158
"c:\Users\oggy_\Develop\Repos\Harite\tests\test_c01_ndl_kiriezu.py", "Python", 0, 0, 0, 0, 167, 0, 0, 0, 0, 0, 0, 42, 209
"c:\Users\oggy_\Develop\Repos\Harite\tests\test_c01_ndl_search_keyword_cycle.py", "Python", 0, 0, 0, 0, 91, 0, 0, 0, 0, 0, 0, 23, 114
"c:\Users\oggy_\Develop\Repos\Harite\tests\test_c01_remote_cache_prune.py", "Python", 0, 0, 0, 0, 80, 0, 0, 0, 0, 0, 0, 31, 111
"c:\Users\oggy_\Develop\Repos\Harite\tests\test_c01_remote_jma_sync.py", "Python", 0, 0, 0, 0, 162, 0, 0, 0, 0, 0, 0, 45, 207
"c:\Users\oggy_\Develop\Repos\Harite\tests\test_c01_remote_ndl_codh_sync.py", "Python", 0, 0, 0, 0, 288, 0, 0, 0, 0, 0, 0, 91, 379
"c:\Users\oggy_\Develop\Repos\Harite\tests\test_c01_source_presets.py", "Python", 0, 0, 0, 0, 279, 0, 0, 0, 0, 0, 0, 63, 342
"c:\Users\oggy_\Develop\Repos\Harite\tests\test_cli_plugin_resolve.py", "Python", 0, 0, 0, 0, 7, 0, 0, 0, 0, 0, 0, 7, 14
"c:\Users\oggy_\Develop\Repos\Harite\tests\test_display_context.py", "Python", 0, 0, 0, 0, 63, 0, 0, 0, 0, 0, 0, 27, 90
"c:\Users\oggy_\Develop\Repos\Harite\tests\test_display_scale.py", "Python", 0, 0, 0, 0, 97, 0, 0, 0, 0, 0, 0, 30, 127
"c:\Users\oggy_\Develop\Repos\Harite\tests\test_last_optimize_run.py", "Python", 0, 0, 0, 0, 30, 0, 0, 0, 0, 0, 0, 13, 43
"c:\Users\oggy_\Develop\Repos\Harite\tests\test_mat16_local_time.py", "Python", 0, 0, 0, 0, 37, 0, 0, 0, 0, 0, 0, 19, 56
"c:\Users\oggy_\Develop\Repos\Harite\tests\test_optimize_settings.py", "Python", 0, 0, 0, 0, 107, 0, 0, 0, 0, 0, 0, 29, 136
"c:\Users\oggy_\Develop\Repos\Harite\tests\test_preferences.py", "Python", 0, 0, 0, 0, 31, 0, 0, 0, 0, 0, 0, 5, 36
"c:\Users\oggy_\Develop\Repos\Harite\tests\test_settings_apply.py", "Python", 0, 0, 0, 0, 34, 0, 0, 0, 0, 0, 0, 10, 44
"c:\Users\oggy_\Develop\Repos\Harite\tests\test_settings_canonical_guard.py", "Python", 0, 0, 0, 0, 30, 0, 0, 0, 0, 0, 0, 13, 43
"c:\Users\oggy_\Develop\Repos\Harite\tests\test_settings_file.py", "Python", 0, 0, 0, 0, 39, 0, 0, 0, 0, 0, 0, 16, 55
"c:\Users\oggy_\Develop\Repos\Harite\tests\test_slideshow_display_scale.py", "Python", 0, 0, 0, 0, 49, 0, 0, 0, 0, 0, 0, 11, 60
"c:\Users\oggy_\Develop\Repos\Harite\tests\test_slideshow_op_log.py", "Python", 0, 0, 0, 0, 172, 0, 0, 0, 0, 0, 0, 49, 221
"c:\Users\oggy_\Develop\Repos\Harite\tests\test_slideshow_optimize.py", "Python", 0, 0, 0, 0, 105, 0, 0, 0, 0, 0, 0, 24, 129
"c:\Users\oggy_\Develop\Repos\Harite\tests\test_sources.py", "Python", 0, 0, 0, 0, 205, 0, 0, 0, 0, 0, 0, 76, 281
"c:\Users\oggy_\Develop\Repos\Harite\tests\test_sources_file.py", "Python", 0, 0, 0, 0, 26, 0, 0, 0, 0, 0, 0, 13, 39
"c:\Users\oggy_\Develop\Repos\Harite\tests\test_windows_wallpaper.py", "Python", 0, 0, 0, 0, 31, 0, 0, 0, 0, 0, 0, 11, 42
"c:\Users\oggy_\Develop\Repos\Harite\tests\workspace\test_detect_displays_param.py", "Python", 0, 0, 0, 0, 44, 0, 0, 0, 0, 0, 5, 6, 55
"c:\Users\oggy_\Develop\Repos\Harite\tests\workspace\test_workspace.py", "Python", 0, 0, 0, 0, 70, 0, 0, 0, 0, 0, 1, 25, 96
"c:\Users\oggy_\Develop\Repos\Harite\tests\workspace\test_workspace_detect.py", "Python", 0, 0, 0, 0, 19, 0, 0, 0, 0, 0, 0, 7, 26
"c:\Users\oggy_\Develop\Repos\Harite\tests\workspace\test_workspace_parser.py", "Python", 0, 0, 0, 0, 45, 0, 0, 0, 0, 0, 2, 17, 64
"c:\Users\oggy_\Develop\Repos\Harite\tests\workspace\test_workspace_windows.py", "Python", 0, 0, 0, 0, 113, 0, 0, 0, 0, 0, 0, 31, 144
"Total", "-", 1, 348, 10, 24765, 31876, 163, 33, 210, 390, 2679, 764, 18714, 79953